{"type":"FeatureCollection","name":"municipios_amazonia_azul_pontos","metadata":{"descricao":"Centroides municipais dos municípios elegíveis ao Programa Amazônia Azul, gerados em GeoJSON para publicação estática. Não contém a base bruta de financiamentos.","fonte_coordenadas":"kelvins/municipios-brasileiros, derivado de informações municipais do IBGE","fonte_tipologia":"Tipologia Amazônia Azul (v5).xlsx","tipo_geometria":"Point","features":757,"missing_coordinates":[]},"features":[{"type":"Feature","id":"1500107","properties":{"codigo_ibge":"1500107","CD_MUN":"1500107","name":"ABAETETUBA","uf":"PA","tipologia":"Alta-Média"},"geometry":{"type":"Point","coordinates":[-48.8788,-1.72183]}},{"type":"Feature","id":"1500206","properties":{"codigo_ibge":"1500206","CD_MUN":"1500206","name":"ACARÁ","uf":"PA","tipologia":"Alta-Baixa"},"geometry":{"type":"Point","coordinates":[-48.1985,-1.95383]}},{"type":"Feature","id":"1500305","properties":{"codigo_ibge":"1500305","CD_MUN":"1500305","name":"AFUÁ","uf":"PA","tipologia":"Alta-Média"},"geometry":{"type":"Point","coordinates":[-50.3861,-0.154874]}},{"type":"Feature","id":"1500701","properties":{"codigo_ibge":"1500701","CD_MUN":"1500701","name":"ANAJÁS","uf":"PA","tipologia":"Alta-Baixa"},"geometry":{"type":"Point","coordinates":[-49.9354,-0.996811]}},{"type":"Feature","id":"1500800","properties":{"codigo_ibge":"1500800","CD_MUN":"1500800","name":"ANANINDEUA","uf":"PA","tipologia":"Média-Média"},"geometry":{"type":"Point","coordinates":[-48.3743,-1.36391]}},{"type":"Feature","id":"1500909","properties":{"codigo_ibge":"1500909","CD_MUN":"1500909","name":"AUGUSTO CORRĘA","uf":"PA","tipologia":"Média-Média"},"geometry":{"type":"Point","coordinates":[-46.6147,-1.05109]}},{"type":"Feature","id":"1501105","properties":{"codigo_ibge":"1501105","CD_MUN":"1501105","name":"BAGRE","uf":"PA","tipologia":"Alta-Média"},"geometry":{"type":"Point","coordinates":[-50.1987,-1.90057]}},{"type":"Feature","id":"1501303","properties":{"codigo_ibge":"1501303","CD_MUN":"1501303","name":"BARCARENA","uf":"PA","tipologia":"Alta-Média"},"geometry":{"type":"Point","coordinates":[-48.6195,-1.51187]}},{"type":"Feature","id":"1501402","properties":{"codigo_ibge":"1501402","CD_MUN":"1501402","name":"BELÉM","uf":"PA","tipologia":"Média-Média"},"geometry":{"type":"Point","coordinates":[-48.4898,-1.4554]}},{"type":"Feature","id":"1501501","properties":{"codigo_ibge":"1501501","CD_MUN":"1501501","name":"BENEVIDES","uf":"PA","tipologia":"Média-Baixa"},"geometry":{"type":"Point","coordinates":[-48.2434,-1.36183]}},{"type":"Feature","id":"1501600","properties":{"codigo_ibge":"1501600","CD_MUN":"1501600","name":"BONITO","uf":"PA","tipologia":"Média-Baixa"},"geometry":{"type":"Point","coordinates":[-47.3066,-1.36745]}},{"type":"Feature","id":"1501709","properties":{"codigo_ibge":"1501709","CD_MUN":"1501709","name":"BRAGANÇA","uf":"PA","tipologia":"Média-Alta"},"geometry":{"type":"Point","coordinates":[-46.7826,-1.06126]}},{"type":"Feature","id":"1501808","properties":{"codigo_ibge":"1501808","CD_MUN":"1501808","name":"BREVES","uf":"PA","tipologia":"Alta-Baixa"},"geometry":{"type":"Point","coordinates":[-50.4791,-1.68036]}},{"type":"Feature","id":"1501907","properties":{"codigo_ibge":"1501907","CD_MUN":"1501907","name":"BUJARU","uf":"PA","tipologia":"Média-Média"},"geometry":{"type":"Point","coordinates":[-48.0381,-1.51762]}},{"type":"Feature","id":"1501956","properties":{"codigo_ibge":"1501956","CD_MUN":"1501956","name":"CACHOEIRA DO PIRIÁ","uf":"PA","tipologia":"Média-Média"},"geometry":{"type":"Point","coordinates":[-46.5459,-1.75974]}},{"type":"Feature","id":"1502004","properties":{"codigo_ibge":"1502004","CD_MUN":"1502004","name":"CACHOEIRA DO ARARI","uf":"PA","tipologia":"Alta-Baixa"},"geometry":{"type":"Point","coordinates":[-48.9503,-1.01226]}},{"type":"Feature","id":"1502103","properties":{"codigo_ibge":"1502103","CD_MUN":"1502103","name":"CAMETÁ","uf":"PA","tipologia":"Alta-Média"},"geometry":{"type":"Point","coordinates":[-49.4979,-2.24295]}},{"type":"Feature","id":"1502202","properties":{"codigo_ibge":"1502202","CD_MUN":"1502202","name":"CAPANEMA","uf":"PA","tipologia":"Baixa"},"geometry":{"type":"Point","coordinates":[-47.1778,-1.20529]}},{"type":"Feature","id":"1502400","properties":{"codigo_ibge":"1502400","CD_MUN":"1502400","name":"CASTANHAL","uf":"PA","tipologia":"Média-Média"},"geometry":{"type":"Point","coordinates":[-47.9167,-1.29797]}},{"type":"Feature","id":"1502509","properties":{"codigo_ibge":"1502509","CD_MUN":"1502509","name":"CHAVES","uf":"PA","tipologia":"Alta-Baixa"},"geometry":{"type":"Point","coordinates":[-49.987,-0.164154]}},{"type":"Feature","id":"1502608","properties":{"codigo_ibge":"1502608","CD_MUN":"1502608","name":"COLARES","uf":"PA","tipologia":"Alta-Alta"},"geometry":{"type":"Point","coordinates":[-48.2803,-0.936423]}},{"type":"Feature","id":"1502756","properties":{"codigo_ibge":"1502756","CD_MUN":"1502756","name":"CONCÓRDIA DO PARÁ","uf":"PA","tipologia":"Alta-Baixa"},"geometry":{"type":"Point","coordinates":[-47.9422,-1.99238]}},{"type":"Feature","id":"1502806","properties":{"codigo_ibge":"1502806","CD_MUN":"1502806","name":"CURRALINHO","uf":"PA","tipologia":"Alta-Média"},"geometry":{"type":"Point","coordinates":[-49.7952,-1.81179]}},{"type":"Feature","id":"1502905","properties":{"codigo_ibge":"1502905","CD_MUN":"1502905","name":"CURUÇÁ","uf":"PA","tipologia":"Alta-Alta"},"geometry":{"type":"Point","coordinates":[-47.8515,-0.733214]}},{"type":"Feature","id":"1503101","properties":{"codigo_ibge":"1503101","CD_MUN":"1503101","name":"GURUPÁ","uf":"PA","tipologia":"Alta-Baixa"},"geometry":{"type":"Point","coordinates":[-51.6338,-1.41412]}},{"type":"Feature","id":"1503200","properties":{"codigo_ibge":"1503200","CD_MUN":"1503200","name":"IGARAPÉ-AÇU","uf":"PA","tipologia":"Média-Média"},"geometry":{"type":"Point","coordinates":[-47.626,-1.12539]}},{"type":"Feature","id":"1503309","properties":{"codigo_ibge":"1503309","CD_MUN":"1503309","name":"IGARAPÉ-MIRI","uf":"PA","tipologia":"Alta-Baixa"},"geometry":{"type":"Point","coordinates":[-48.9575,-1.97533]}},{"type":"Feature","id":"1503408","properties":{"codigo_ibge":"1503408","CD_MUN":"1503408","name":"INHANGAPI","uf":"PA","tipologia":"Alta-Baixa"},"geometry":{"type":"Point","coordinates":[-47.9114,-1.4349]}},{"type":"Feature","id":"1503507","properties":{"codigo_ibge":"1503507","CD_MUN":"1503507","name":"IRITUIA","uf":"PA","tipologia":"Média-Alta"},"geometry":{"type":"Point","coordinates":[-47.446,-1.76984]}},{"type":"Feature","id":"1504000","properties":{"codigo_ibge":"1504000","CD_MUN":"1504000","name":"LIMOEIRO DO AJURU","uf":"PA","tipologia":"Alta-Média"},"geometry":{"type":"Point","coordinates":[-49.3903,-1.8985]}},{"type":"Feature","id":"1504109","properties":{"codigo_ibge":"1504109","CD_MUN":"1504109","name":"MAGALHĂES BARATA","uf":"PA","tipologia":"Média-Média"},"geometry":{"type":"Point","coordinates":[-47.6014,-0.803391]}},{"type":"Feature","id":"1504307","properties":{"codigo_ibge":"1504307","CD_MUN":"1504307","name":"MARACANĂ","uf":"PA","tipologia":"Alta-Média"},"geometry":{"type":"Point","coordinates":[-47.452,-0.778899]}},{"type":"Feature","id":"1504406","properties":{"codigo_ibge":"1504406","CD_MUN":"1504406","name":"MARAPANIM","uf":"PA","tipologia":"Alta-Média"},"geometry":{"type":"Point","coordinates":[-47.7034,-0.714702]}},{"type":"Feature","id":"1504422","properties":{"codigo_ibge":"1504422","CD_MUN":"1504422","name":"MARITUBA","uf":"PA","tipologia":"Média-Média"},"geometry":{"type":"Point","coordinates":[-48.3421,-1.36002]}},{"type":"Feature","id":"1504505","properties":{"codigo_ibge":"1504505","CD_MUN":"1504505","name":"MELGAÇO","uf":"PA","tipologia":"Alta-Média"},"geometry":{"type":"Point","coordinates":[-50.7149,-1.8032]}},{"type":"Feature","id":"1504604","properties":{"codigo_ibge":"1504604","CD_MUN":"1504604","name":"MOCAJUBA","uf":"PA","tipologia":"Alta-Baixa"},"geometry":{"type":"Point","coordinates":[-49.5042,-2.5831]}},{"type":"Feature","id":"1504703","properties":{"codigo_ibge":"1504703","CD_MUN":"1504703","name":"MOJU","uf":"PA","tipologia":"Alta-Baixa"},"geometry":{"type":"Point","coordinates":[-48.7668,-1.88993]}},{"type":"Feature","id":"1504901","properties":{"codigo_ibge":"1504901","CD_MUN":"1504901","name":"MUANÁ","uf":"PA","tipologia":"Alta-Baixa"},"geometry":{"type":"Point","coordinates":[-49.2224,-1.53936]}},{"type":"Feature","id":"1505007","properties":{"codigo_ibge":"1505007","CD_MUN":"1505007","name":"NOVA TIMBOTEUA","uf":"PA","tipologia":"Média-Média"},"geometry":{"type":"Point","coordinates":[-47.3921,-1.20874]}},{"type":"Feature","id":"1505205","properties":{"codigo_ibge":"1505205","CD_MUN":"1505205","name":"OEIRAS DO PARÁ","uf":"PA","tipologia":"Alta-Média"},"geometry":{"type":"Point","coordinates":[-49.8628,-2.00358]}},{"type":"Feature","id":"1505601","properties":{"codigo_ibge":"1505601","CD_MUN":"1505601","name":"PEIXE-BOI","uf":"PA","tipologia":"Baixa"},"geometry":{"type":"Point","coordinates":[-47.324,-1.19382]}},{"type":"Feature","id":"1505700","properties":{"codigo_ibge":"1505700","CD_MUN":"1505700","name":"PONTA DE PEDRAS","uf":"PA","tipologia":"Alta-Alta"},"geometry":{"type":"Point","coordinates":[-48.8661,-1.39587]}},{"type":"Feature","id":"1505809","properties":{"codigo_ibge":"1505809","CD_MUN":"1505809","name":"PORTEL","uf":"PA","tipologia":"Alta-Baixa"},"geometry":{"type":"Point","coordinates":[-50.8194,-1.93639]}},{"type":"Feature","id":"1506104","properties":{"codigo_ibge":"1506104","CD_MUN":"1506104","name":"PRIMAVERA","uf":"PA","tipologia":"Média-Média"},"geometry":{"type":"Point","coordinates":[-47.1253,-0.945439]}},{"type":"Feature","id":"1506112","properties":{"codigo_ibge":"1506112","CD_MUN":"1506112","name":"QUATIPURU","uf":"PA","tipologia":"Alta-Média"},"geometry":{"type":"Point","coordinates":[-47.0134,-0.899604]}},{"type":"Feature","id":"1506203","properties":{"codigo_ibge":"1506203","CD_MUN":"1506203","name":"SALINÓPOLIS","uf":"PA","tipologia":"Média-Alta"},"geometry":{"type":"Point","coordinates":[-47.3465,-0.630815]}},{"type":"Feature","id":"1506302","properties":{"codigo_ibge":"1506302","CD_MUN":"1506302","name":"SALVATERRA","uf":"PA","tipologia":"Alta-Alta"},"geometry":{"type":"Point","coordinates":[-48.5139,-0.758444]}},{"type":"Feature","id":"1506351","properties":{"codigo_ibge":"1506351","CD_MUN":"1506351","name":"SANTA BÁRBARA DO PARÁ","uf":"PA","tipologia":"Média-Média"},"geometry":{"type":"Point","coordinates":[-48.238,-1.19219]}},{"type":"Feature","id":"1506401","properties":{"codigo_ibge":"1506401","CD_MUN":"1506401","name":"SANTA CRUZ DO ARARI","uf":"PA","tipologia":"Alta-Média"},"geometry":{"type":"Point","coordinates":[-49.1771,-0.661019]}},{"type":"Feature","id":"1506500","properties":{"codigo_ibge":"1506500","CD_MUN":"1506500","name":"SANTA IZABEL DO PARÁ","uf":"PA","tipologia":"Média-Baixa"},"geometry":{"type":"Point","coordinates":[-48.1606,-1.29686]}},{"type":"Feature","id":"1506559","properties":{"codigo_ibge":"1506559","CD_MUN":"1506559","name":"SANTA LUZIA DO PARÁ","uf":"PA","tipologia":"Média-Baixa"},"geometry":{"type":"Point","coordinates":[-46.9008,-1.52147]}},{"type":"Feature","id":"1506609","properties":{"codigo_ibge":"1506609","CD_MUN":"1506609","name":"SANTA MARIA DO PARÁ","uf":"PA","tipologia":"Média-Média"},"geometry":{"type":"Point","coordinates":[-47.5712,-1.35392]}},{"type":"Feature","id":"1506906","properties":{"codigo_ibge":"1506906","CD_MUN":"1506906","name":"SANTARÉM NOVO","uf":"PA","tipologia":"Alta-Média"},"geometry":{"type":"Point","coordinates":[-47.3855,-0.93097]}},{"type":"Feature","id":"1507003","properties":{"codigo_ibge":"1507003","CD_MUN":"1507003","name":"SANTO ANTÔNIO DO TAUÁ","uf":"PA","tipologia":"Média-Média"},"geometry":{"type":"Point","coordinates":[-48.1314,-1.1522]}},{"type":"Feature","id":"1507102","properties":{"codigo_ibge":"1507102","CD_MUN":"1507102","name":"SĂO CAETANO DE ODIVELAS","uf":"PA","tipologia":"Alta-Média"},"geometry":{"type":"Point","coordinates":[-48.0246,-0.747293]}},{"type":"Feature","id":"1507201","properties":{"codigo_ibge":"1507201","CD_MUN":"1507201","name":"SĂO DOMINGOS DO CAPIM","uf":"PA","tipologia":"Média-Baixa"},"geometry":{"type":"Point","coordinates":[-47.7665,-1.68768]}},{"type":"Feature","id":"1507409","properties":{"codigo_ibge":"1507409","CD_MUN":"1507409","name":"SĂO FRANCISCO DO PARÁ","uf":"PA","tipologia":"Baixa"},"geometry":{"type":"Point","coordinates":[-47.7917,-1.16963]}},{"type":"Feature","id":"1507466","properties":{"codigo_ibge":"1507466","CD_MUN":"1507466","name":"SĂO JOĂO DA PONTA","uf":"PA","tipologia":"Alta-Média"},"geometry":{"type":"Point","coordinates":[-47.918,-0.857885]}},{"type":"Feature","id":"1507474","properties":{"codigo_ibge":"1507474","CD_MUN":"1507474","name":"SĂO JOĂO DE PIRABAS","uf":"PA","tipologia":"Média-Alta"},"geometry":{"type":"Point","coordinates":[-47.181,-0.780222]}},{"type":"Feature","id":"1507607","properties":{"codigo_ibge":"1507607","CD_MUN":"1507607","name":"SĂO MIGUEL DO GUAMÁ","uf":"PA","tipologia":"Média-Baixa"},"geometry":{"type":"Point","coordinates":[-47.4784,-1.61307]}},{"type":"Feature","id":"1507706","properties":{"codigo_ibge":"1507706","CD_MUN":"1507706","name":"SĂO SEBASTIĂO DA BOA VISTA","uf":"PA","tipologia":"Alta-Média"},"geometry":{"type":"Point","coordinates":[-49.5249,-1.71597]}},{"type":"Feature","id":"1507904","properties":{"codigo_ibge":"1507904","CD_MUN":"1507904","name":"SOURE","uf":"PA","tipologia":"Alta-Média"},"geometry":{"type":"Point","coordinates":[-48.5015,-0.73032]}},{"type":"Feature","id":"1507953","properties":{"codigo_ibge":"1507953","CD_MUN":"1507953","name":"TAILÂNDIA","uf":"PA","tipologia":"Média-Baixa"},"geometry":{"type":"Point","coordinates":[-48.9489,-2.94584]}},{"type":"Feature","id":"1507961","properties":{"codigo_ibge":"1507961","CD_MUN":"1507961","name":"TERRA ALTA","uf":"PA","tipologia":"Média-Média"},"geometry":{"type":"Point","coordinates":[-47.9004,-1.02963]}},{"type":"Feature","id":"1508001","properties":{"codigo_ibge":"1508001","CD_MUN":"1508001","name":"TOMÉ-AÇU","uf":"PA","tipologia":"Média-Média"},"geometry":{"type":"Point","coordinates":[-48.1415,-2.41302]}},{"type":"Feature","id":"1508035","properties":{"codigo_ibge":"1508035","CD_MUN":"1508035","name":"TRACUATEUA","uf":"PA","tipologia":"Média-Alta"},"geometry":{"type":"Point","coordinates":[-46.9031,-1.07653]}},{"type":"Feature","id":"1508209","properties":{"codigo_ibge":"1508209","CD_MUN":"1508209","name":"VIGIA","uf":"PA","tipologia":"Média-Alta"},"geometry":{"type":"Point","coordinates":[-48.1386,-0.861194]}},{"type":"Feature","id":"1508308","properties":{"codigo_ibge":"1508308","CD_MUN":"1508308","name":"VISEU","uf":"PA","tipologia":"Alta-Média"},"geometry":{"type":"Point","coordinates":[-46.1399,-1.19124]}},{"type":"Feature","id":"1600105","properties":{"codigo_ibge":"1600105","CD_MUN":"1600105","name":"AMAPÁ","uf":"AP","tipologia":"Média-Média"},"geometry":{"type":"Point","coordinates":[-50.7957,2.05267]}},{"type":"Feature","id":"1600204","properties":{"codigo_ibge":"1600204","CD_MUN":"1600204","name":"CALÇOENE","uf":"AP","tipologia":"Média-Alta"},"geometry":{"type":"Point","coordinates":[-50.9512,2.50475]}},{"type":"Feature","id":"1600212","properties":{"codigo_ibge":"1600212","CD_MUN":"1600212","name":"CUTIAS","uf":"AP","tipologia":"Alta-Baixa"},"geometry":{"type":"Point","coordinates":[-50.8005,0.970761]}},{"type":"Feature","id":"1600253","properties":{"codigo_ibge":"1600253","CD_MUN":"1600253","name":"ITAUBAL","uf":"AP","tipologia":"Alta-Média"},"geometry":{"type":"Point","coordinates":[-50.6996,0.602185]}},{"type":"Feature","id":"1600279","properties":{"codigo_ibge":"1600279","CD_MUN":"1600279","name":"LARANJAL DO JARI","uf":"AP","tipologia":"Média-Média"},"geometry":{"type":"Point","coordinates":[-52.453,-0.804911]}},{"type":"Feature","id":"1600303","properties":{"codigo_ibge":"1600303","CD_MUN":"1600303","name":"MACAPÁ","uf":"AP","tipologia":"Média-Média"},"geometry":{"type":"Point","coordinates":[-51.0694,0.034934]}},{"type":"Feature","id":"1600402","properties":{"codigo_ibge":"1600402","CD_MUN":"1600402","name":"MAZAGĂO","uf":"AP","tipologia":"Alta-Baixa"},"geometry":{"type":"Point","coordinates":[-51.2891,-0.11336]}},{"type":"Feature","id":"1600501","properties":{"codigo_ibge":"1600501","CD_MUN":"1600501","name":"OIAPOQUE","uf":"AP","tipologia":"Alta-Alta"},"geometry":{"type":"Point","coordinates":[-51.8331,3.84074]}},{"type":"Feature","id":"1600550","properties":{"codigo_ibge":"1600550","CD_MUN":"1600550","name":"PRACUÚBA","uf":"AP","tipologia":"Média-Média"},"geometry":{"type":"Point","coordinates":[-50.7892,1.74543]}},{"type":"Feature","id":"1600600","properties":{"codigo_ibge":"1600600","CD_MUN":"1600600","name":"SANTANA","uf":"AP","tipologia":"Média-Média"},"geometry":{"type":"Point","coordinates":[-51.1729,-0.045434]}},{"type":"Feature","id":"1600709","properties":{"codigo_ibge":"1600709","CD_MUN":"1600709","name":"TARTARUGALZINHO","uf":"AP","tipologia":"Alta-Baixa"},"geometry":{"type":"Point","coordinates":[-50.9087,1.50652]}},{"type":"Feature","id":"1600808","properties":{"codigo_ibge":"1600808","CD_MUN":"1600808","name":"VITÓRIA DO JARI","uf":"AP","tipologia":"Alta-Média"},"geometry":{"type":"Point","coordinates":[-52.424,-0.938]}},{"type":"Feature","id":"2100154","properties":{"codigo_ibge":"2100154","CD_MUN":"2100154","name":"ÁGUA DOCE DO MARANHĂO","uf":"MA","tipologia":"Média-Alta"},"geometry":{"type":"Point","coordinates":[-42.1189,-2.84048]}},{"type":"Feature","id":"2100204","properties":{"codigo_ibge":"2100204","CD_MUN":"2100204","name":"ALCÂNTARA","uf":"MA","tipologia":"Alta-Média"},"geometry":{"type":"Point","coordinates":[-44.4062,-2.39574]}},{"type":"Feature","id":"2100550","properties":{"codigo_ibge":"2100550","CD_MUN":"2100550","name":"AMAPÁ DO MARANHĂO","uf":"MA","tipologia":"Média-Baixa"},"geometry":{"type":"Point","coordinates":[-46.0024,-1.67524]}},{"type":"Feature","id":"2100709","properties":{"codigo_ibge":"2100709","CD_MUN":"2100709","name":"ANAJATUBA","uf":"MA","tipologia":"Alta-Média"},"geometry":{"type":"Point","coordinates":[-44.6126,-3.26269]}},{"type":"Feature","id":"2100832","properties":{"codigo_ibge":"2100832","CD_MUN":"2100832","name":"APICUM-AÇU","uf":"MA","tipologia":"Alta-Média"},"geometry":{"type":"Point","coordinates":[-45.0864,-1.45862]}},{"type":"Feature","id":"2100907","properties":{"codigo_ibge":"2100907","CD_MUN":"2100907","name":"ARAIOSES","uf":"MA","tipologia":"Alta-Média"},"geometry":{"type":"Point","coordinates":[-41.905,-2.89091]}},{"type":"Feature","id":"2101004","properties":{"codigo_ibge":"2101004","CD_MUN":"2101004","name":"ARARI","uf":"MA","tipologia":"Alta-Baixa"},"geometry":{"type":"Point","coordinates":[-44.7665,-3.45214]}},{"type":"Feature","id":"2101103","properties":{"codigo_ibge":"2101103","CD_MUN":"2101103","name":"AXIXÁ","uf":"MA","tipologia":"Alta-Alta"},"geometry":{"type":"Point","coordinates":[-44.062,-2.83939]}},{"type":"Feature","id":"2101251","properties":{"codigo_ibge":"2101251","CD_MUN":"2101251","name":"BACABEIRA","uf":"MA","tipologia":"Alta-Média"},"geometry":{"type":"Point","coordinates":[-44.3164,-2.96452]}},{"type":"Feature","id":"2101301","properties":{"codigo_ibge":"2101301","CD_MUN":"2101301","name":"BACURI","uf":"MA","tipologia":"Alta-Baixa"},"geometry":{"type":"Point","coordinates":[-45.1328,-1.6965]}},{"type":"Feature","id":"2101350","properties":{"codigo_ibge":"2101350","CD_MUN":"2101350","name":"BACURITUBA","uf":"MA","tipologia":"Alta-Alta"},"geometry":{"type":"Point","coordinates":[-44.7329,-2.71]}},{"type":"Feature","id":"2101707","properties":{"codigo_ibge":"2101707","CD_MUN":"2101707","name":"BARREIRINHAS","uf":"MA","tipologia":"Média-Alta"},"geometry":{"type":"Point","coordinates":[-42.8232,-2.75863]}},{"type":"Feature","id":"2101905","properties":{"codigo_ibge":"2101905","CD_MUN":"2101905","name":"BEQUIMĂO","uf":"MA","tipologia":"Alta-Baixa"},"geometry":{"type":"Point","coordinates":[-44.7842,-2.44162]}},{"type":"Feature","id":"2101970","properties":{"codigo_ibge":"2101970","CD_MUN":"2101970","name":"BOA VISTA DO GURUPI","uf":"MA","tipologia":"Alta-Baixa"},"geometry":{"type":"Point","coordinates":[-46.3002,-1.77614]}},{"type":"Feature","id":"2102408","properties":{"codigo_ibge":"2102408","CD_MUN":"2102408","name":"CAJAPIÓ","uf":"MA","tipologia":"Alta-Baixa"},"geometry":{"type":"Point","coordinates":[-44.6741,-2.87326]}},{"type":"Feature","id":"2102507","properties":{"codigo_ibge":"2102507","CD_MUN":"2102507","name":"CAJARI","uf":"MA","tipologia":"Alta-Média"},"geometry":{"type":"Point","coordinates":[-45.0145,-3.32742]}},{"type":"Feature","id":"2102606","properties":{"codigo_ibge":"2102606","CD_MUN":"2102606","name":"CÂNDIDO MENDES","uf":"MA","tipologia":"Alta-Baixa"},"geometry":{"type":"Point","coordinates":[-45.7161,-1.43265]}},{"type":"Feature","id":"2102705","properties":{"codigo_ibge":"2102705","CD_MUN":"2102705","name":"CANTANHEDE","uf":"MA","tipologia":"Alta-Baixa"},"geometry":{"type":"Point","coordinates":[-44.383,-3.63757]}},{"type":"Feature","id":"2102903","properties":{"codigo_ibge":"2102903","CD_MUN":"2102903","name":"CARUTAPERA","uf":"MA","tipologia":"Alta-Média"},"geometry":{"type":"Point","coordinates":[-46.0085,-1.19696]}},{"type":"Feature","id":"2103109","properties":{"codigo_ibge":"2103109","CD_MUN":"2103109","name":"CEDRAL","uf":"MA","tipologia":"Alta-Média"},"geometry":{"type":"Point","coordinates":[-44.5281,-2.00027]}},{"type":"Feature","id":"2103125","properties":{"codigo_ibge":"2103125","CD_MUN":"2103125","name":"CENTRAL DO MARANHĂO","uf":"MA","tipologia":"Alta-Média"},"geometry":{"type":"Point","coordinates":[-44.8254,-2.19831]}},{"type":"Feature","id":"2103158","properties":{"codigo_ibge":"2103158","CD_MUN":"2103158","name":"CENTRO DO GUILHERME","uf":"MA","tipologia":"Alta-Média"},"geometry":{"type":"Point","coordinates":[-46.0345,-2.44891]}},{"type":"Feature","id":"2103174","properties":{"codigo_ibge":"2103174","CD_MUN":"2103174","name":"CENTRO NOVO DO MARANHĂO","uf":"MA","tipologia":"Média-Baixa"},"geometry":{"type":"Point","coordinates":[-46.1228,-2.12696]}},{"type":"Feature","id":"2103703","properties":{"codigo_ibge":"2103703","CD_MUN":"2103703","name":"CURURUPU","uf":"MA","tipologia":"Alta-Baixa"},"geometry":{"type":"Point","coordinates":[-44.8644,-1.81475]}},{"type":"Feature","id":"2104305","properties":{"codigo_ibge":"2104305","CD_MUN":"2104305","name":"GODOFREDO VIANA","uf":"MA","tipologia":"Média-Baixa"},"geometry":{"type":"Point","coordinates":[-45.7795,-1.40259]}},{"type":"Feature","id":"2104677","properties":{"codigo_ibge":"2104677","CD_MUN":"2104677","name":"GOVERNADOR NUNES FREIRE","uf":"MA","tipologia":"Alta-Média"},"geometry":{"type":"Point","coordinates":[-45.8777,-2.12899]}},{"type":"Feature","id":"2104909","properties":{"codigo_ibge":"2104909","CD_MUN":"2104909","name":"GUIMARĂES","uf":"MA","tipologia":"Alta-Média"},"geometry":{"type":"Point","coordinates":[-44.602,-2.12755]}},{"type":"Feature","id":"2105005","properties":{"codigo_ibge":"2105005","CD_MUN":"2105005","name":"HUMBERTO DE CAMPOS","uf":"MA","tipologia":"Alta-Média"},"geometry":{"type":"Point","coordinates":[-43.4649,-2.59828]}},{"type":"Feature","id":"2105104","properties":{"codigo_ibge":"2105104","CD_MUN":"2105104","name":"ICATU","uf":"MA","tipologia":"Alta-Alta"},"geometry":{"type":"Point","coordinates":[-44.0501,-2.77206]}},{"type":"Feature","id":"2105401","properties":{"codigo_ibge":"2105401","CD_MUN":"2105401","name":"ITAPECURU MIRIM","uf":"MA","tipologia":"Alta-Baixa"},"geometry":{"type":"Point","coordinates":[-44.3508,-3.40202]}},{"type":"Feature","id":"2105658","properties":{"codigo_ibge":"2105658","CD_MUN":"2105658","name":"JUNCO DO MARANHĂO","uf":"MA","tipologia":"Média-Média"},"geometry":{"type":"Point","coordinates":[-46.09,-1.83888]}},{"type":"Feature","id":"2106201","properties":{"codigo_ibge":"2106201","CD_MUN":"2106201","name":"LUÍS DOMINGUES","uf":"MA","tipologia":"Média-Média"},"geometry":{"type":"Point","coordinates":[-45.867,-1.27492]}},{"type":"Feature","id":"2106300","properties":{"codigo_ibge":"2106300","CD_MUN":"2106300","name":"MAGALHĂES DE ALMEIDA","uf":"MA","tipologia":"Alta-Baixa"},"geometry":{"type":"Point","coordinates":[-42.2117,-3.39232]}},{"type":"Feature","id":"2106326","properties":{"codigo_ibge":"2106326","CD_MUN":"2106326","name":"MARACAÇUMÉ","uf":"MA","tipologia":"Média-Alta"},"geometry":{"type":"Point","coordinates":[-45.9587,-2.04918]}},{"type":"Feature","id":"2106375","properties":{"codigo_ibge":"2106375","CD_MUN":"2106375","name":"MARANHĂOZINHO","uf":"MA","tipologia":"Alta-Média"},"geometry":{"type":"Point","coordinates":[-45.8507,-2.24078]}},{"type":"Feature","id":"2106508","properties":{"codigo_ibge":"2106508","CD_MUN":"2106508","name":"MATINHA","uf":"MA","tipologia":"Alta-Baixa"},"geometry":{"type":"Point","coordinates":[-45.035,-3.09849]}},{"type":"Feature","id":"2106631","properties":{"codigo_ibge":"2106631","CD_MUN":"2106631","name":"MATŐES DO NORTE","uf":"MA","tipologia":"Alta-Média"},"geometry":{"type":"Point","coordinates":[-44.5468,-3.6244]}},{"type":"Feature","id":"2106755","properties":{"codigo_ibge":"2106755","CD_MUN":"2106755","name":"MIRANDA DO NORTE","uf":"MA","tipologia":"Alta-Média"},"geometry":{"type":"Point","coordinates":[-44.5814,-3.56313]}},{"type":"Feature","id":"2106805","properties":{"codigo_ibge":"2106805","CD_MUN":"2106805","name":"MIRINZAL","uf":"MA","tipologia":"Alta-Baixa"},"geometry":{"type":"Point","coordinates":[-44.7787,-2.07094]}},{"type":"Feature","id":"2107100","properties":{"codigo_ibge":"2107100","CD_MUN":"2107100","name":"MORROS","uf":"MA","tipologia":"Média-Alta"},"geometry":{"type":"Point","coordinates":[-44.0357,-2.85379]}},{"type":"Feature","id":"2107209","properties":{"codigo_ibge":"2107209","CD_MUN":"2107209","name":"NINA RODRIGUES","uf":"MA","tipologia":"Alta-Alta"},"geometry":{"type":"Point","coordinates":[-43.9134,-3.46788]}},{"type":"Feature","id":"2107456","properties":{"codigo_ibge":"2107456","CD_MUN":"2107456","name":"OLINDA NOVA DO MARANHĂO","uf":"MA","tipologia":"Alta-Baixa"},"geometry":{"type":"Point","coordinates":[-44.9897,-2.99295]}},{"type":"Feature","id":"2107506","properties":{"codigo_ibge":"2107506","CD_MUN":"2107506","name":"PAÇO DO LUMIAR","uf":"MA","tipologia":"Média-Média"},"geometry":{"type":"Point","coordinates":[-44.1019,-2.51657]}},{"type":"Feature","id":"2107605","properties":{"codigo_ibge":"2107605","CD_MUN":"2107605","name":"PALMEIRÂNDIA","uf":"MA","tipologia":"Alta-Baixa"},"geometry":{"type":"Point","coordinates":[-44.8933,-2.64433]}},{"type":"Feature","id":"2108058","properties":{"codigo_ibge":"2108058","CD_MUN":"2108058","name":"PAULINO NEVES","uf":"MA","tipologia":"Alta-Alta"},"geometry":{"type":"Point","coordinates":[-42.5258,-2.72094]}},{"type":"Feature","id":"2108256","properties":{"codigo_ibge":"2108256","CD_MUN":"2108256","name":"PEDRO DO ROSÁRIO","uf":"MA","tipologia":"Alta-Baixa"},"geometry":{"type":"Point","coordinates":[-45.3493,-2.97272]}},{"type":"Feature","id":"2108306","properties":{"codigo_ibge":"2108306","CD_MUN":"2108306","name":"PENALVA","uf":"MA","tipologia":"Alta-Baixa"},"geometry":{"type":"Point","coordinates":[-45.1768,-3.27674]}},{"type":"Feature","id":"2108405","properties":{"codigo_ibge":"2108405","CD_MUN":"2108405","name":"PERI MIRIM","uf":"MA","tipologia":"Alta-Baixa"},"geometry":{"type":"Point","coordinates":[-44.8504,-2.57676]}},{"type":"Feature","id":"2108603","properties":{"codigo_ibge":"2108603","CD_MUN":"2108603","name":"PINHEIRO","uf":"MA","tipologia":"Alta-Média"},"geometry":{"type":"Point","coordinates":[-45.0788,-2.52224]}},{"type":"Feature","id":"2108801","properties":{"codigo_ibge":"2108801","CD_MUN":"2108801","name":"PIRAPEMAS","uf":"MA","tipologia":"Alta-Baixa"},"geometry":{"type":"Point","coordinates":[-44.2216,-3.72041]}},{"type":"Feature","id":"2109056","properties":{"codigo_ibge":"2109056","CD_MUN":"2109056","name":"PORTO RICO DO MARANHĂO","uf":"MA","tipologia":"Alta-Média"},"geometry":{"type":"Point","coordinates":[-44.5842,-1.85925]}},{"type":"Feature","id":"2109239","properties":{"codigo_ibge":"2109239","CD_MUN":"2109239","name":"PRESIDENTE MÉDICI","uf":"MA","tipologia":"Média-Média"},"geometry":{"type":"Point","coordinates":[-45.82,-2.38991]}},{"type":"Feature","id":"2109270","properties":{"codigo_ibge":"2109270","CD_MUN":"2109270","name":"PRESIDENTE SARNEY","uf":"MA","tipologia":"Alta-Média"},"geometry":{"type":"Point","coordinates":[-45.3595,-2.58799]}},{"type":"Feature","id":"2109304","properties":{"codigo_ibge":"2109304","CD_MUN":"2109304","name":"PRESIDENTE VARGAS","uf":"MA","tipologia":"Alta-Média"},"geometry":{"type":"Point","coordinates":[-44.0234,-3.40787]}},{"type":"Feature","id":"2109403","properties":{"codigo_ibge":"2109403","CD_MUN":"2109403","name":"PRIMEIRA CRUZ","uf":"MA","tipologia":"Alta-Alta"},"geometry":{"type":"Point","coordinates":[-43.4232,-2.50568]}},{"type":"Feature","id":"2109452","properties":{"codigo_ibge":"2109452","CD_MUN":"2109452","name":"RAPOSA","uf":"MA","tipologia":"Média-Média"},"geometry":{"type":"Point","coordinates":[-44.0973,-2.4254]}},{"type":"Feature","id":"2109601","properties":{"codigo_ibge":"2109601","CD_MUN":"2109601","name":"ROSÁRIO","uf":"MA","tipologia":"Alta-Alta"},"geometry":{"type":"Point","coordinates":[-44.2531,-2.93444]}},{"type":"Feature","id":"2109809","properties":{"codigo_ibge":"2109809","CD_MUN":"2109809","name":"SANTA HELENA","uf":"MA","tipologia":"Alta-Média"},"geometry":{"type":"Point","coordinates":[-45.29,-2.24426]}},{"type":"Feature","id":"2110039","properties":{"codigo_ibge":"2110039","CD_MUN":"2110039","name":"SANTA LUZIA DO PARUÁ","uf":"MA","tipologia":"Alta-Baixa"},"geometry":{"type":"Point","coordinates":[-45.7801,-2.51123]}},{"type":"Feature","id":"2110203","properties":{"codigo_ibge":"2110203","CD_MUN":"2110203","name":"SANTA RITA","uf":"MA","tipologia":"Alta-Alta"},"geometry":{"type":"Point","coordinates":[-44.3211,-3.14241]}},{"type":"Feature","id":"2110237","properties":{"codigo_ibge":"2110237","CD_MUN":"2110237","name":"SANTANA DO MARANHĂO","uf":"MA","tipologia":"Média-Média"},"geometry":{"type":"Point","coordinates":[-42.4064,-3.109]}},{"type":"Feature","id":"2110278","properties":{"codigo_ibge":"2110278","CD_MUN":"2110278","name":"SANTO AMARO DO MARANHĂO","uf":"MA","tipologia":"Alta-Alta"},"geometry":{"type":"Point","coordinates":[-43.238,-2.50068]}},{"type":"Feature","id":"2110500","properties":{"codigo_ibge":"2110500","CD_MUN":"2110500","name":"SĂO BENTO","uf":"MA","tipologia":"Alta-Baixa"},"geometry":{"type":"Point","coordinates":[-44.8289,-2.69781]}},{"type":"Feature","id":"2110609","properties":{"codigo_ibge":"2110609","CD_MUN":"2110609","name":"SĂO BERNARDO","uf":"MA","tipologia":"Média-Baixa"},"geometry":{"type":"Point","coordinates":[-42.4191,-3.37223]}},{"type":"Feature","id":"2111003","properties":{"codigo_ibge":"2111003","CD_MUN":"2111003","name":"SĂO JOĂO BATISTA","uf":"MA","tipologia":"Alta-Baixa"},"geometry":{"type":"Point","coordinates":[-44.7953,-2.95398]}},{"type":"Feature","id":"2111201","properties":{"codigo_ibge":"2111201","CD_MUN":"2111201","name":"SĂO JOSÉ DE RIBAMAR","uf":"MA","tipologia":"Média-Média"},"geometry":{"type":"Point","coordinates":[-44.0597,-2.54704]}},{"type":"Feature","id":"2111300","properties":{"codigo_ibge":"2111300","CD_MUN":"2111300","name":"SĂO LUÍS","uf":"MA","tipologia":"Média-Média"},"geometry":{"type":"Point","coordinates":[-44.2825,-2.53874]}},{"type":"Feature","id":"2111706","properties":{"codigo_ibge":"2111706","CD_MUN":"2111706","name":"SĂO VICENTE FERRER","uf":"MA","tipologia":"Alta-Baixa"},"geometry":{"type":"Point","coordinates":[-44.8681,-2.89487]}},{"type":"Feature","id":"2111789","properties":{"codigo_ibge":"2111789","CD_MUN":"2111789","name":"SERRANO DO MARANHĂO","uf":"MA","tipologia":"Alta-Média"},"geometry":{"type":"Point","coordinates":[-45.1207,-1.85229]}},{"type":"Feature","id":"2112407","properties":{"codigo_ibge":"2112407","CD_MUN":"2112407","name":"TURIAÇU","uf":"MA","tipologia":"Alta-Baixa"},"geometry":{"type":"Point","coordinates":[-45.3798,-1.65893]}},{"type":"Feature","id":"2112456","properties":{"codigo_ibge":"2112456","CD_MUN":"2112456","name":"TURILÂNDIA","uf":"MA","tipologia":"Alta-Média"},"geometry":{"type":"Point","coordinates":[-45.3044,-2.21638]}},{"type":"Feature","id":"2112506","properties":{"codigo_ibge":"2112506","CD_MUN":"2112506","name":"TUTÓIA","uf":"MA","tipologia":"Alta-Média"},"geometry":{"type":"Point","coordinates":[-42.2755,-2.76141]}},{"type":"Feature","id":"2112704","properties":{"codigo_ibge":"2112704","CD_MUN":"2112704","name":"VARGEM GRANDE","uf":"MA","tipologia":"Alta-Baixa"},"geometry":{"type":"Point","coordinates":[-43.917,-3.53639]}},{"type":"Feature","id":"2112803","properties":{"codigo_ibge":"2112803","CD_MUN":"2112803","name":"VIANA","uf":"MA","tipologia":"Alta-Baixa"},"geometry":{"type":"Point","coordinates":[-44.9912,-3.20451]}},{"type":"Feature","id":"2112902","properties":{"codigo_ibge":"2112902","CD_MUN":"2112902","name":"VITÓRIA DO MEARIM","uf":"MA","tipologia":"Alta-Média"},"geometry":{"type":"Point","coordinates":[-44.8643,-3.45125]}},{"type":"Feature","id":"2201919","properties":{"codigo_ibge":"2201919","CD_MUN":"2201919","name":"BOM PRINCÍPIO DO PIAUÍ","uf":"PI","tipologia":"Baixa"},"geometry":{"type":"Point","coordinates":[-41.6403,-3.19631]}},{"type":"Feature","id":"2202000","properties":{"codigo_ibge":"2202000","CD_MUN":"2202000","name":"BURITI DOS LOPES","uf":"PI","tipologia":"Alta-Média"},"geometry":{"type":"Point","coordinates":[-41.8695,-3.18259]}},{"type":"Feature","id":"2202083","properties":{"codigo_ibge":"2202083","CD_MUN":"2202083","name":"CAJUEIRO DA PRAIA","uf":"PI","tipologia":"Alta-Alta"},"geometry":{"type":"Point","coordinates":[-41.3408,-2.93111]}},{"type":"Feature","id":"2202539","properties":{"codigo_ibge":"2202539","CD_MUN":"2202539","name":"CARAÚBAS DO PIAUÍ","uf":"PI","tipologia":"Média-Baixa"},"geometry":{"type":"Point","coordinates":[-41.8425,-3.47525]}},{"type":"Feature","id":"2202653","properties":{"codigo_ibge":"2202653","CD_MUN":"2202653","name":"CAXINGÓ","uf":"PI","tipologia":"Média-Média"},"geometry":{"type":"Point","coordinates":[-41.8955,-3.41904]}},{"type":"Feature","id":"2202703","properties":{"codigo_ibge":"2202703","CD_MUN":"2202703","name":"COCAL","uf":"PI","tipologia":"Média-Média"},"geometry":{"type":"Point","coordinates":[-41.5546,-3.47279]}},{"type":"Feature","id":"2202729","properties":{"codigo_ibge":"2202729","CD_MUN":"2202729","name":"COCAL DOS ALVES","uf":"PI","tipologia":"Baixa"},"geometry":{"type":"Point","coordinates":[-41.4402,-3.62047]}},{"type":"Feature","id":"2204659","properties":{"codigo_ibge":"2204659","CD_MUN":"2204659","name":"ILHA GRANDE","uf":"PI","tipologia":"Alta-Alta"},"geometry":{"type":"Point","coordinates":[-41.8186,-2.85774]}},{"type":"Feature","id":"2205706","properties":{"codigo_ibge":"2205706","CD_MUN":"2205706","name":"LUÍS CORREIA","uf":"PI","tipologia":"Média-Alta"},"geometry":{"type":"Point","coordinates":[-41.6641,-2.88438]}},{"type":"Feature","id":"2206696","properties":{"codigo_ibge":"2206696","CD_MUN":"2206696","name":"MURICI DOS PORTELAS","uf":"PI","tipologia":"Alta-Média"},"geometry":{"type":"Point","coordinates":[-42.094,-3.319]}},{"type":"Feature","id":"2207702","properties":{"codigo_ibge":"2207702","CD_MUN":"2207702","name":"PARNAÍBA","uf":"PI","tipologia":"Média-Média"},"geometry":{"type":"Point","coordinates":[-41.7754,-2.90585]}},{"type":"Feature","id":"2300200","properties":{"codigo_ibge":"2300200","CD_MUN":"2300200","name":"ACARAÚ","uf":"CE","tipologia":"Média-Alta"},"geometry":{"type":"Point","coordinates":[-40.1183,-2.88769]}},{"type":"Feature","id":"2300754","properties":{"codigo_ibge":"2300754","CD_MUN":"2300754","name":"AMONTADA","uf":"CE","tipologia":"Média-Alta"},"geometry":{"type":"Point","coordinates":[-39.8288,-3.36017]}},{"type":"Feature","id":"2301000","properties":{"codigo_ibge":"2301000","CD_MUN":"2301000","name":"AQUIRAZ","uf":"CE","tipologia":"Média-Alta"},"geometry":{"type":"Point","coordinates":[-38.3896,-3.89929]}},{"type":"Feature","id":"2301109","properties":{"codigo_ibge":"2301109","CD_MUN":"2301109","name":"ARACATI","uf":"CE","tipologia":"Média-Alta"},"geometry":{"type":"Point","coordinates":[-37.7679,-4.55826]}},{"type":"Feature","id":"2302057","properties":{"codigo_ibge":"2302057","CD_MUN":"2302057","name":"BARROQUINHA","uf":"CE","tipologia":"Média-Alta"},"geometry":{"type":"Point","coordinates":[-41.1358,-3.02051]}},{"type":"Feature","id":"2302206","properties":{"codigo_ibge":"2302206","CD_MUN":"2302206","name":"BEBERIBE","uf":"CE","tipologia":"Média-Alta"},"geometry":{"type":"Point","coordinates":[-38.1271,-4.17741]}},{"type":"Feature","id":"2302305","properties":{"codigo_ibge":"2302305","CD_MUN":"2302305","name":"BELA CRUZ","uf":"CE","tipologia":"Baixa"},"geometry":{"type":"Point","coordinates":[-40.1671,-3.04996]}},{"type":"Feature","id":"2302602","properties":{"codigo_ibge":"2302602","CD_MUN":"2302602","name":"CAMOCIM","uf":"CE","tipologia":"Média-Alta"},"geometry":{"type":"Point","coordinates":[-40.8544,-2.9005]}},{"type":"Feature","id":"2303501","properties":{"codigo_ibge":"2303501","CD_MUN":"2303501","name":"CASCAVEL","uf":"CE","tipologia":"Média-Média"},"geometry":{"type":"Point","coordinates":[-38.2412,-4.12967]}},{"type":"Feature","id":"2303709","properties":{"codigo_ibge":"2303709","CD_MUN":"2303709","name":"CAUCAIA","uf":"CE","tipologia":"Média-Média"},"geometry":{"type":"Point","coordinates":[-38.6619,-3.72797]}},{"type":"Feature","id":"2303907","properties":{"codigo_ibge":"2303907","CD_MUN":"2303907","name":"CHAVAL","uf":"CE","tipologia":"Alta-Média"},"geometry":{"type":"Point","coordinates":[-41.2435,-3.03571]}},{"type":"Feature","id":"2304251","properties":{"codigo_ibge":"2304251","CD_MUN":"2304251","name":"CRUZ","uf":"CE","tipologia":"Média-Alta"},"geometry":{"type":"Point","coordinates":[-40.176,-2.91813]}},{"type":"Feature","id":"2304285","properties":{"codigo_ibge":"2304285","CD_MUN":"2304285","name":"EUSÉBIO","uf":"CE","tipologia":"Média-Média"},"geometry":{"type":"Point","coordinates":[-38.4559,-3.8925]}},{"type":"Feature","id":"2304400","properties":{"codigo_ibge":"2304400","CD_MUN":"2304400","name":"FORTALEZA","uf":"CE","tipologia":"Baixa"},"geometry":{"type":"Point","coordinates":[-38.5423,-3.71664]}},{"type":"Feature","id":"2304459","properties":{"codigo_ibge":"2304459","CD_MUN":"2304459","name":"FORTIM","uf":"CE","tipologia":"Alta-Alta"},"geometry":{"type":"Point","coordinates":[-37.7981,-4.45126]}},{"type":"Feature","id":"2304707","properties":{"codigo_ibge":"2304707","CD_MUN":"2304707","name":"GRANJA","uf":"CE","tipologia":"Média-Média"},"geometry":{"type":"Point","coordinates":[-40.8372,-3.12788]}},{"type":"Feature","id":"2305357","properties":{"codigo_ibge":"2305357","CD_MUN":"2305357","name":"ICAPUÍ","uf":"CE","tipologia":"Alta-Alta"},"geometry":{"type":"Point","coordinates":[-37.3531,-4.71206]}},{"type":"Feature","id":"2306207","properties":{"codigo_ibge":"2306207","CD_MUN":"2306207","name":"ITAIÇABA","uf":"CE","tipologia":"Média-Alta"},"geometry":{"type":"Point","coordinates":[-37.833,-4.67146]}},{"type":"Feature","id":"2306405","properties":{"codigo_ibge":"2306405","CD_MUN":"2306405","name":"ITAPIPOCA","uf":"CE","tipologia":"Média-Média"},"geometry":{"type":"Point","coordinates":[-39.5836,-3.49933]}},{"type":"Feature","id":"2306553","properties":{"codigo_ibge":"2306553","CD_MUN":"2306553","name":"ITAREMA","uf":"CE","tipologia":"Média-Alta"},"geometry":{"type":"Point","coordinates":[-39.9167,-2.9248]}},{"type":"Feature","id":"2307007","properties":{"codigo_ibge":"2307007","CD_MUN":"2307007","name":"JAGUARUANA","uf":"CE","tipologia":"Média-Alta"},"geometry":{"type":"Point","coordinates":[-37.781,-4.83151]}},{"type":"Feature","id":"2307254","properties":{"codigo_ibge":"2307254","CD_MUN":"2307254","name":"JIJOCA DE JERICOACOARA","uf":"CE","tipologia":"Média-Alta"},"geometry":{"type":"Point","coordinates":[-40.5127,-2.79331]}},{"type":"Feature","id":"2307809","properties":{"codigo_ibge":"2307809","CD_MUN":"2307809","name":"MARCO","uf":"CE","tipologia":"Média-Baixa"},"geometry":{"type":"Point","coordinates":[-40.1582,-3.1285]}},{"type":"Feature","id":"2308377","properties":{"codigo_ibge":"2308377","CD_MUN":"2308377","name":"MIRAÍMA","uf":"CE","tipologia":"Média-Alta"},"geometry":{"type":"Point","coordinates":[-39.9663,-3.56867]}},{"type":"Feature","id":"2310100","properties":{"codigo_ibge":"2310100","CD_MUN":"2310100","name":"PALMÁCIA","uf":"CE","tipologia":"Baixa"},"geometry":{"type":"Point","coordinates":[-38.8446,-4.13831]}},{"type":"Feature","id":"2310209","properties":{"codigo_ibge":"2310209","CD_MUN":"2310209","name":"PARACURU","uf":"CE","tipologia":"Média-Média"},"geometry":{"type":"Point","coordinates":[-39.03,-3.41436]}},{"type":"Feature","id":"2310258","properties":{"codigo_ibge":"2310258","CD_MUN":"2310258","name":"PARAIPABA","uf":"CE","tipologia":"Média-Alta"},"geometry":{"type":"Point","coordinates":[-39.1479,-3.43799]}},{"type":"Feature","id":"2310852","properties":{"codigo_ibge":"2310852","CD_MUN":"2310852","name":"PINDORETAMA","uf":"CE","tipologia":"Baixa"},"geometry":{"type":"Point","coordinates":[-38.3061,-4.01584]}},{"type":"Feature","id":"2312403","properties":{"codigo_ibge":"2312403","CD_MUN":"2312403","name":"SĂO GONÇALO DO AMARANTE","uf":"CE","tipologia":"Média-Alta"},"geometry":{"type":"Point","coordinates":[-38.9726,-3.60515]}},{"type":"Feature","id":"2313500","properties":{"codigo_ibge":"2313500","CD_MUN":"2313500","name":"TRAIRI","uf":"CE","tipologia":"Média-Alta"},"geometry":{"type":"Point","coordinates":[-39.2681,-3.26932]}},{"type":"Feature","id":"2313559","properties":{"codigo_ibge":"2313559","CD_MUN":"2313559","name":"TURURU","uf":"CE","tipologia":"Média-Baixa"},"geometry":{"type":"Point","coordinates":[-39.4297,-3.58413]}},{"type":"Feature","id":"2313757","properties":{"codigo_ibge":"2313757","CD_MUN":"2313757","name":"UMIRIM","uf":"CE","tipologia":"Baixa"},"geometry":{"type":"Point","coordinates":[-39.3465,-3.67654]}},{"type":"Feature","id":"2313807","properties":{"codigo_ibge":"2313807","CD_MUN":"2313807","name":"URUBURETAMA","uf":"CE","tipologia":"Média-Baixa"},"geometry":{"type":"Point","coordinates":[-39.5107,-3.62316]}},{"type":"Feature","id":"2400208","properties":{"codigo_ibge":"2400208","CD_MUN":"2400208","name":"AÇU","uf":"RN","tipologia":"Média-Média"},"geometry":{"type":"Point","coordinates":[-36.914,-5.58362]}},{"type":"Feature","id":"2400307","properties":{"codigo_ibge":"2400307","CD_MUN":"2400307","name":"AFONSO BEZERRA","uf":"RN","tipologia":"Média-Baixa"},"geometry":{"type":"Point","coordinates":[-36.5075,-5.49229]}},{"type":"Feature","id":"2400703","properties":{"codigo_ibge":"2400703","CD_MUN":"2400703","name":"ALTO DO RODRIGUES","uf":"RN","tipologia":"Média-Baixa"},"geometry":{"type":"Point","coordinates":[-36.75,-5.28186]}},{"type":"Feature","id":"2400802","properties":{"codigo_ibge":"2400802","CD_MUN":"2400802","name":"ANGICOS","uf":"RN","tipologia":"Média-Média"},"geometry":{"type":"Point","coordinates":[-36.6094,-5.65792]}},{"type":"Feature","id":"2401008","properties":{"codigo_ibge":"2401008","CD_MUN":"2401008","name":"APODI","uf":"RN","tipologia":"Média-Baixa"},"geometry":{"type":"Point","coordinates":[-37.7946,-5.65349]}},{"type":"Feature","id":"2401107","properties":{"codigo_ibge":"2401107","CD_MUN":"2401107","name":"AREIA BRANCA","uf":"RN","tipologia":"Média-Média"},"geometry":{"type":"Point","coordinates":[-37.1252,-4.95254]}},{"type":"Feature","id":"2401206","properties":{"codigo_ibge":"2401206","CD_MUN":"2401206","name":"ARĘS","uf":"RN","tipologia":"Média-Média"},"geometry":{"type":"Point","coordinates":[-35.1608,-6.18831]}},{"type":"Feature","id":"2401305","properties":{"codigo_ibge":"2401305","CD_MUN":"2401305","name":"AUGUSTO SEVERO","uf":"RN","tipologia":"Alta-Baixa"},"geometry":{"type":"Point","coordinates":[-37.3135,-5.86206]}},{"type":"Feature","id":"2401404","properties":{"codigo_ibge":"2401404","CD_MUN":"2401404","name":"BAÍA FORMOSA","uf":"RN","tipologia":"Alta-Média"},"geometry":{"type":"Point","coordinates":[-35.0033,-6.37161]}},{"type":"Feature","id":"2401453","properties":{"codigo_ibge":"2401453","CD_MUN":"2401453","name":"BARAÚNA","uf":"RN","tipologia":"Baixa"},"geometry":{"type":"Point","coordinates":[-37.6129,-5.06977]}},{"type":"Feature","id":"2401602","properties":{"codigo_ibge":"2401602","CD_MUN":"2401602","name":"BENTO FERNANDES","uf":"RN","tipologia":"Baixa"},"geometry":{"type":"Point","coordinates":[-35.813,-5.69906]}},{"type":"Feature","id":"2401800","properties":{"codigo_ibge":"2401800","CD_MUN":"2401800","name":"BREJINHO","uf":"RN","tipologia":"Baixa"},"geometry":{"type":"Point","coordinates":[-35.3591,-6.18566]}},{"type":"Feature","id":"2401859","properties":{"codigo_ibge":"2401859","CD_MUN":"2401859","name":"CAIÇARA DO NORTE","uf":"RN","tipologia":"Alta-Alta"},"geometry":{"type":"Point","coordinates":[-36.0717,-5.07091]}},{"type":"Feature","id":"2402204","properties":{"codigo_ibge":"2402204","CD_MUN":"2402204","name":"CANGUARETAMA","uf":"RN","tipologia":"Média-Alta"},"geometry":{"type":"Point","coordinates":[-35.1281,-6.37193]}},{"type":"Feature","id":"2402303","properties":{"codigo_ibge":"2402303","CD_MUN":"2402303","name":"CARAÚBAS","uf":"RN","tipologia":"Média-Média"},"geometry":{"type":"Point","coordinates":[-37.5586,-5.78387]}},{"type":"Feature","id":"2402501","properties":{"codigo_ibge":"2402501","CD_MUN":"2402501","name":"CARNAUBAIS","uf":"RN","tipologia":"Média-Alta"},"geometry":{"type":"Point","coordinates":[-36.8335,-5.34181]}},{"type":"Feature","id":"2402600","properties":{"codigo_ibge":"2402600","CD_MUN":"2402600","name":"CEARÁ-MIRIM","uf":"RN","tipologia":"Média-Alta"},"geometry":{"type":"Point","coordinates":[-35.4247,-5.64323]}},{"type":"Feature","id":"2403251","properties":{"codigo_ibge":"2403251","CD_MUN":"2403251","name":"PARNAMIRIM","uf":"RN","tipologia":"Média-Média"},"geometry":{"type":"Point","coordinates":[-35.271,-5.91116]}},{"type":"Feature","id":"2403509","properties":{"codigo_ibge":"2403509","CD_MUN":"2403509","name":"ESPÍRITO SANTO","uf":"RN","tipologia":"Baixa"},"geometry":{"type":"Point","coordinates":[-35.3052,-6.33563]}},{"type":"Feature","id":"2403608","properties":{"codigo_ibge":"2403608","CD_MUN":"2403608","name":"EXTREMOZ","uf":"RN","tipologia":"Média-Alta"},"geometry":{"type":"Point","coordinates":[-35.3048,-5.70143]}},{"type":"Feature","id":"2403707","properties":{"codigo_ibge":"2403707","CD_MUN":"2403707","name":"FELIPE GUERRA","uf":"RN","tipologia":"Média-Alta"},"geometry":{"type":"Point","coordinates":[-37.6875,-5.59274]}},{"type":"Feature","id":"2403756","properties":{"codigo_ibge":"2403756","CD_MUN":"2403756","name":"FERNANDO PEDROZA","uf":"RN","tipologia":"Média-Média"},"geometry":{"type":"Point","coordinates":[-36.5282,-5.69096]}},{"type":"Feature","id":"2404101","properties":{"codigo_ibge":"2404101","CD_MUN":"2404101","name":"GALINHOS","uf":"RN","tipologia":"Alta-Alta"},"geometry":{"type":"Point","coordinates":[-36.2754,-5.0909]}},{"type":"Feature","id":"2404309","properties":{"codigo_ibge":"2404309","CD_MUN":"2404309","name":"GOVERNADOR DIX-SEPT ROSADO","uf":"RN","tipologia":"Baixa"},"geometry":{"type":"Point","coordinates":[-37.5183,-5.44887]}},{"type":"Feature","id":"2404408","properties":{"codigo_ibge":"2404408","CD_MUN":"2404408","name":"GROSSOS","uf":"RN","tipologia":"Alta-Média"},"geometry":{"type":"Point","coordinates":[-37.1621,-4.98068]}},{"type":"Feature","id":"2404507","properties":{"codigo_ibge":"2404507","CD_MUN":"2404507","name":"GUAMARÉ","uf":"RN","tipologia":"Média-Alta"},"geometry":{"type":"Point","coordinates":[-36.3222,-5.10619]}},{"type":"Feature","id":"2404705","properties":{"codigo_ibge":"2404705","CD_MUN":"2404705","name":"IPANGUAÇU","uf":"RN","tipologia":"Média-Baixa"},"geometry":{"type":"Point","coordinates":[-36.8501,-5.48984]}},{"type":"Feature","id":"2404853","properties":{"codigo_ibge":"2404853","CD_MUN":"2404853","name":"ITAJÁ","uf":"RN","tipologia":"Alta-Baixa"},"geometry":{"type":"Point","coordinates":[-36.8712,-5.63894]}},{"type":"Feature","id":"2404903","properties":{"codigo_ibge":"2404903","CD_MUN":"2404903","name":"ITAÚ","uf":"RN","tipologia":"Média-Baixa"},"geometry":{"type":"Point","coordinates":[-37.9912,-5.8363]}},{"type":"Feature","id":"2405108","properties":{"codigo_ibge":"2405108","CD_MUN":"2405108","name":"JANDAÍRA","uf":"RN","tipologia":"Média-Baixa"},"geometry":{"type":"Point","coordinates":[-36.1278,-5.35211]}},{"type":"Feature","id":"2405207","properties":{"codigo_ibge":"2405207","CD_MUN":"2405207","name":"JANDUÍS","uf":"RN","tipologia":"Média-Baixa"},"geometry":{"type":"Point","coordinates":[-37.4048,-6.01474]}},{"type":"Feature","id":"2405504","properties":{"codigo_ibge":"2405504","CD_MUN":"2405504","name":"JARDIM DE ANGICOS","uf":"RN","tipologia":"Média-Baixa"},"geometry":{"type":"Point","coordinates":[-35.9713,-5.64999]}},{"type":"Feature","id":"2405801","properties":{"codigo_ibge":"2405801","CD_MUN":"2405801","name":"JOĂO CÂMARA","uf":"RN","tipologia":"Média-Média"},"geometry":{"type":"Point","coordinates":[-35.8122,-5.54094]}},{"type":"Feature","id":"2406155","properties":{"codigo_ibge":"2406155","CD_MUN":"2406155","name":"JUNDIÁ","uf":"RN","tipologia":"Alta-Alta"},"geometry":{"type":"Point","coordinates":[-35.3495,-6.26866]}},{"type":"Feature","id":"2406601","properties":{"codigo_ibge":"2406601","CD_MUN":"2406601","name":"LAGOA SALGADA","uf":"RN","tipologia":"Baixa"},"geometry":{"type":"Point","coordinates":[-35.4724,-6.12295]}},{"type":"Feature","id":"2406700","properties":{"codigo_ibge":"2406700","CD_MUN":"2406700","name":"LAJES","uf":"RN","tipologia":"Baixa"},"geometry":{"type":"Point","coordinates":[-36.247,-5.69322]}},{"type":"Feature","id":"2407104","properties":{"codigo_ibge":"2407104","CD_MUN":"2407104","name":"MACAÍBA","uf":"RN","tipologia":"Média-Média"},"geometry":{"type":"Point","coordinates":[-35.3552,-5.85229]}},{"type":"Feature","id":"2407203","properties":{"codigo_ibge":"2407203","CD_MUN":"2407203","name":"MACAU","uf":"RN","tipologia":"Alta-Média"},"geometry":{"type":"Point","coordinates":[-36.6318,-5.10795]}},{"type":"Feature","id":"2407500","properties":{"codigo_ibge":"2407500","CD_MUN":"2407500","name":"MAXARANGUAPE","uf":"RN","tipologia":"Alta-Alta"},"geometry":{"type":"Point","coordinates":[-35.2631,-5.52181]}},{"type":"Feature","id":"2407609","properties":{"codigo_ibge":"2407609","CD_MUN":"2407609","name":"MESSIAS TARGINO","uf":"RN","tipologia":"Média-Baixa"},"geometry":{"type":"Point","coordinates":[-37.5158,-6.07194]}},{"type":"Feature","id":"2407708","properties":{"codigo_ibge":"2407708","CD_MUN":"2407708","name":"MONTANHAS","uf":"RN","tipologia":"Baixa"},"geometry":{"type":"Point","coordinates":[-35.2842,-6.48522]}},{"type":"Feature","id":"2408003","properties":{"codigo_ibge":"2408003","CD_MUN":"2408003","name":"MOSSORÓ","uf":"RN","tipologia":"Baixa"},"geometry":{"type":"Point","coordinates":[-37.3474,-5.18374]}},{"type":"Feature","id":"2408102","properties":{"codigo_ibge":"2408102","CD_MUN":"2408102","name":"NATAL","uf":"RN","tipologia":"Média-Média"},"geometry":{"type":"Point","coordinates":[-35.1986,-5.79357]}},{"type":"Feature","id":"2408201","properties":{"codigo_ibge":"2408201","CD_MUN":"2408201","name":"NÍSIA FLORESTA","uf":"RN","tipologia":"Média-Alta"},"geometry":{"type":"Point","coordinates":[-35.1991,-6.09329]}},{"type":"Feature","id":"2408706","properties":{"codigo_ibge":"2408706","CD_MUN":"2408706","name":"PARAÚ","uf":"RN","tipologia":"Alta-Média"},"geometry":{"type":"Point","coordinates":[-37.1032,-5.76893]}},{"type":"Feature","id":"2408805","properties":{"codigo_ibge":"2408805","CD_MUN":"2408805","name":"PARAZINHO","uf":"RN","tipologia":"Baixa"},"geometry":{"type":"Point","coordinates":[-35.8398,-5.22276]}},{"type":"Feature","id":"2408953","properties":{"codigo_ibge":"2408953","CD_MUN":"2408953","name":"RIO DO FOGO","uf":"RN","tipologia":"Alta-Alta"},"geometry":{"type":"Point","coordinates":[-35.3794,-5.2765]}},{"type":"Feature","id":"2409506","properties":{"codigo_ibge":"2409506","CD_MUN":"2409506","name":"PEDRA GRANDE","uf":"RN","tipologia":"Média-Baixa"},"geometry":{"type":"Point","coordinates":[-35.876,-5.14988]}},{"type":"Feature","id":"2409605","properties":{"codigo_ibge":"2409605","CD_MUN":"2409605","name":"PEDRA PRETA","uf":"RN","tipologia":"Baixa"},"geometry":{"type":"Point","coordinates":[-36.1084,-5.57352]}},{"type":"Feature","id":"2409704","properties":{"codigo_ibge":"2409704","CD_MUN":"2409704","name":"PEDRO AVELINO","uf":"RN","tipologia":"Média-Média"},"geometry":{"type":"Point","coordinates":[-36.3867,-5.5161]}},{"type":"Feature","id":"2409803","properties":{"codigo_ibge":"2409803","CD_MUN":"2409803","name":"PEDRO VELHO","uf":"RN","tipologia":"Baixa"},"geometry":{"type":"Point","coordinates":[-35.2195,-6.4356]}},{"type":"Feature","id":"2409902","properties":{"codigo_ibge":"2409902","CD_MUN":"2409902","name":"PENDĘNCIAS","uf":"RN","tipologia":"Média-Alta"},"geometry":{"type":"Point","coordinates":[-36.7095,-5.2564]}},{"type":"Feature","id":"2410108","properties":{"codigo_ibge":"2410108","CD_MUN":"2410108","name":"POÇO BRANCO","uf":"RN","tipologia":"Média-Média"},"geometry":{"type":"Point","coordinates":[-35.6635,-5.62233]}},{"type":"Feature","id":"2410256","properties":{"codigo_ibge":"2410256","CD_MUN":"2410256","name":"PORTO DO MANGUE","uf":"RN","tipologia":"Alta-Alta"},"geometry":{"type":"Point","coordinates":[-36.7887,-5.05441]}},{"type":"Feature","id":"2410405","properties":{"codigo_ibge":"2410405","CD_MUN":"2410405","name":"PUREZA","uf":"RN","tipologia":"Média-Alta"},"geometry":{"type":"Point","coordinates":[-35.5554,-5.46393]}},{"type":"Feature","id":"2411007","properties":{"codigo_ibge":"2411007","CD_MUN":"2411007","name":"RODOLFO FERNANDES","uf":"RN","tipologia":"Média-Alta"},"geometry":{"type":"Point","coordinates":[-38.0579,-5.78393]}},{"type":"Feature","id":"2411056","properties":{"codigo_ibge":"2411056","CD_MUN":"2411056","name":"TIBAU","uf":"RN","tipologia":"Média-Alta"},"geometry":{"type":"Point","coordinates":[-37.2554,-4.83729]}},{"type":"Feature","id":"2411403","properties":{"codigo_ibge":"2411403","CD_MUN":"2411403","name":"SANTANA DO MATOS","uf":"RN","tipologia":"Média-Média"},"geometry":{"type":"Point","coordinates":[-36.6578,-5.94605]}},{"type":"Feature","id":"2411601","properties":{"codigo_ibge":"2411601","CD_MUN":"2411601","name":"SĂO BENTO DO NORTE","uf":"RN","tipologia":"Média-Alta"},"geometry":{"type":"Point","coordinates":[-35.9587,-5.09259]}},{"type":"Feature","id":"2412005","properties":{"codigo_ibge":"2412005","CD_MUN":"2412005","name":"SĂO GONÇALO DO AMARANTE","uf":"RN","tipologia":"Média-Média"},"geometry":{"type":"Point","coordinates":[-35.3257,-5.79068]}},{"type":"Feature","id":"2412559","properties":{"codigo_ibge":"2412559","CD_MUN":"2412559","name":"SĂO MIGUEL DO GOSTOSO","uf":"RN","tipologia":"Média-Alta"},"geometry":{"type":"Point","coordinates":[-35.6354,-5.12302]}},{"type":"Feature","id":"2412807","properties":{"codigo_ibge":"2412807","CD_MUN":"2412807","name":"SĂO RAFAEL","uf":"RN","tipologia":"Alta-Média"},"geometry":{"type":"Point","coordinates":[-36.8778,-5.79791]}},{"type":"Feature","id":"2413201","properties":{"codigo_ibge":"2413201","CD_MUN":"2413201","name":"SENADOR GEORGINO AVELINO","uf":"RN","tipologia":"Alta-Alta"},"geometry":{"type":"Point","coordinates":[-35.1299,-6.1576]}},{"type":"Feature","id":"2413359","properties":{"codigo_ibge":"2413359","CD_MUN":"2413359","name":"SERRA DO MEL","uf":"RN","tipologia":"Baixa"},"geometry":{"type":"Point","coordinates":[-37.0242,-5.17725]}},{"type":"Feature","id":"2413607","properties":{"codigo_ibge":"2413607","CD_MUN":"2413607","name":"SEVERIANO MELO","uf":"RN","tipologia":"Média-Baixa"},"geometry":{"type":"Point","coordinates":[-37.957,-5.77666]}},{"type":"Feature","id":"2413904","properties":{"codigo_ibge":"2413904","CD_MUN":"2413904","name":"TAIPU","uf":"RN","tipologia":"Baixa"},"geometry":{"type":"Point","coordinates":[-35.5918,-5.63058]}},{"type":"Feature","id":"2414209","properties":{"codigo_ibge":"2414209","CD_MUN":"2414209","name":"TIBAU DO SUL","uf":"RN","tipologia":"Média-Alta"},"geometry":{"type":"Point","coordinates":[-35.0866,-6.19176]}},{"type":"Feature","id":"2414407","properties":{"codigo_ibge":"2414407","CD_MUN":"2414407","name":"TOUROS","uf":"RN","tipologia":"Alta-Alta"},"geometry":{"type":"Point","coordinates":[-35.4621,-5.20182]}},{"type":"Feature","id":"2414456","properties":{"codigo_ibge":"2414456","CD_MUN":"2414456","name":"TRIUNFO POTIGUAR","uf":"RN","tipologia":"Média-Baixa"},"geometry":{"type":"Point","coordinates":[-37.1786,-5.85408]}},{"type":"Feature","id":"2414605","properties":{"codigo_ibge":"2414605","CD_MUN":"2414605","name":"UPANEMA","uf":"RN","tipologia":"Média-Baixa"},"geometry":{"type":"Point","coordinates":[-37.2635,-5.63761]}},{"type":"Feature","id":"2415008","properties":{"codigo_ibge":"2415008","CD_MUN":"2415008","name":"VILA FLOR","uf":"RN","tipologia":"Média-Alta"},"geometry":{"type":"Point","coordinates":[-35.067,-6.31287]}},{"type":"Feature","id":"2500601","properties":{"codigo_ibge":"2500601","CD_MUN":"2500601","name":"ALHANDRA","uf":"PB","tipologia":"Média-Baixa"},"geometry":{"type":"Point","coordinates":[-34.9057,-7.42977]}},{"type":"Feature","id":"2501401","properties":{"codigo_ibge":"2501401","CD_MUN":"2501401","name":"BAÍA DA TRAIÇĂO","uf":"PB","tipologia":"Alta-Alta"},"geometry":{"type":"Point","coordinates":[-34.9381,-6.69209]}},{"type":"Feature","id":"2501807","properties":{"codigo_ibge":"2501807","CD_MUN":"2501807","name":"BAYEUX","uf":"PB","tipologia":"Média-Média"},"geometry":{"type":"Point","coordinates":[-34.9293,-7.1238]}},{"type":"Feature","id":"2503001","properties":{"codigo_ibge":"2503001","CD_MUN":"2503001","name":"CAAPORĂ","uf":"PB","tipologia":"Média-Baixa"},"geometry":{"type":"Point","coordinates":[-34.9055,-7.51351]}},{"type":"Feature","id":"2503209","properties":{"codigo_ibge":"2503209","CD_MUN":"2503209","name":"CABEDELO","uf":"PB","tipologia":"Média-Média"},"geometry":{"type":"Point","coordinates":[-34.8284,-6.98731]}},{"type":"Feature","id":"2504033","properties":{"codigo_ibge":"2504033","CD_MUN":"2504033","name":"CAPIM","uf":"PB","tipologia":"Baixa"},"geometry":{"type":"Point","coordinates":[-35.1673,-6.91624]}},{"type":"Feature","id":"2504603","properties":{"codigo_ibge":"2504603","CD_MUN":"2504603","name":"CONDE","uf":"PB","tipologia":"Alta-Alta"},"geometry":{"type":"Point","coordinates":[-34.8999,-7.25746]}},{"type":"Feature","id":"2505279","properties":{"codigo_ibge":"2505279","CD_MUN":"2505279","name":"CURRAL DE CIMA","uf":"PB","tipologia":"Baixa"},"geometry":{"type":"Point","coordinates":[-35.2639,-6.72325]}},{"type":"Feature","id":"2507101","properties":{"codigo_ibge":"2507101","CD_MUN":"2507101","name":"ITAPOROROCA","uf":"PB","tipologia":"Média-Média"},"geometry":{"type":"Point","coordinates":[-35.2406,-6.82374]}},{"type":"Feature","id":"2507309","properties":{"codigo_ibge":"2507309","CD_MUN":"2507309","name":"JACARAÚ","uf":"PB","tipologia":"Baixa"},"geometry":{"type":"Point","coordinates":[-35.289,-6.61453]}},{"type":"Feature","id":"2507507","properties":{"codigo_ibge":"2507507","CD_MUN":"2507507","name":"JOĂO PESSOA","uf":"PB","tipologia":"Média-Média"},"geometry":{"type":"Point","coordinates":[-34.8641,-7.11509]}},{"type":"Feature","id":"2508604","properties":{"codigo_ibge":"2508604","CD_MUN":"2508604","name":"LUCENA","uf":"PB","tipologia":"Alta-Média"},"geometry":{"type":"Point","coordinates":[-34.8748,-6.90258]}},{"type":"Feature","id":"2508901","properties":{"codigo_ibge":"2508901","CD_MUN":"2508901","name":"MAMANGUAPE","uf":"PB","tipologia":"Baixa"},"geometry":{"type":"Point","coordinates":[-35.1213,-6.8337]}},{"type":"Feature","id":"2509057","properties":{"codigo_ibge":"2509057","CD_MUN":"2509057","name":"MARCAÇĂO","uf":"PB","tipologia":"Alta-Média"},"geometry":{"type":"Point","coordinates":[-35.0087,-6.76535]}},{"type":"Feature","id":"2509305","properties":{"codigo_ibge":"2509305","CD_MUN":"2509305","name":"MATARACA","uf":"PB","tipologia":"Média-Média"},"geometry":{"type":"Point","coordinates":[-35.0531,-6.59673]}},{"type":"Feature","id":"2511905","properties":{"codigo_ibge":"2511905","CD_MUN":"2511905","name":"PITIMBU","uf":"PB","tipologia":"Média-Alta"},"geometry":{"type":"Point","coordinates":[-34.8151,-7.4664]}},{"type":"Feature","id":"2512721","properties":{"codigo_ibge":"2512721","CD_MUN":"2512721","name":"PEDRO RÉGIS","uf":"PB","tipologia":"Baixa"},"geometry":{"type":"Point","coordinates":[-35.2966,-6.63323]}},{"type":"Feature","id":"2512903","properties":{"codigo_ibge":"2512903","CD_MUN":"2512903","name":"RIO TINTO","uf":"PB","tipologia":"Alta-Baixa"},"geometry":{"type":"Point","coordinates":[-35.0776,-6.80383]}},{"type":"Feature","id":"2513703","properties":{"codigo_ibge":"2513703","CD_MUN":"2513703","name":"SANTA RITA","uf":"PB","tipologia":"Baixa"},"geometry":{"type":"Point","coordinates":[-34.9753,-7.11724]}},{"type":"Feature","id":"2600054","properties":{"codigo_ibge":"2600054","CD_MUN":"2600054","name":"ABREU E LIMA","uf":"PE","tipologia":"Média-Baixa"},"geometry":{"type":"Point","coordinates":[-34.8984,-7.90072]}},{"type":"Feature","id":"2600708","properties":{"codigo_ibge":"2600708","CD_MUN":"2600708","name":"ALIANÇA","uf":"PE","tipologia":"Baixa"},"geometry":{"type":"Point","coordinates":[-35.2227,-7.60398]}},{"type":"Feature","id":"2601409","properties":{"codigo_ibge":"2601409","CD_MUN":"2601409","name":"BARREIROS","uf":"PE","tipologia":"Média-Média"},"geometry":{"type":"Point","coordinates":[-35.1832,-8.81605]}},{"type":"Feature","id":"2602902","properties":{"codigo_ibge":"2602902","CD_MUN":"2602902","name":"CABO DE SANTO AGOSTINHO","uf":"PE","tipologia":"Média-Média"},"geometry":{"type":"Point","coordinates":[-35.0253,-8.28218]}},{"type":"Feature","id":"2603603","properties":{"codigo_ibge":"2603603","CD_MUN":"2603603","name":"CAMUTANGA","uf":"PE","tipologia":"Baixa"},"geometry":{"type":"Point","coordinates":[-35.2664,-7.40545]}},{"type":"Feature","id":"2604601","properties":{"codigo_ibge":"2604601","CD_MUN":"2604601","name":"CONDADO","uf":"PE","tipologia":"Baixa"},"geometry":{"type":"Point","coordinates":[-35.0999,-7.58787]}},{"type":"Feature","id":"2605459","properties":{"codigo_ibge":"2605459","CD_MUN":"2605459","name":"FERNANDO DE NORONHA","uf":"PE","tipologia":"Média-Alta"},"geometry":{"type":"Point","coordinates":[-32.4107,-3.8396]}},{"type":"Feature","id":"2605509","properties":{"codigo_ibge":"2605509","CD_MUN":"2605509","name":"FERREIROS","uf":"PE","tipologia":"Baixa"},"geometry":{"type":"Point","coordinates":[-35.2373,-7.44666]}},{"type":"Feature","id":"2606200","properties":{"codigo_ibge":"2606200","CD_MUN":"2606200","name":"GOIANA","uf":"PE","tipologia":"Alta-Baixa"},"geometry":{"type":"Point","coordinates":[-34.9959,-7.5606]}},{"type":"Feature","id":"2606804","properties":{"codigo_ibge":"2606804","CD_MUN":"2606804","name":"IGARASSU","uf":"PE","tipologia":"Média-Média"},"geometry":{"type":"Point","coordinates":[-34.9013,-7.82881]}},{"type":"Feature","id":"2607208","properties":{"codigo_ibge":"2607208","CD_MUN":"2607208","name":"IPOJUCA","uf":"PE","tipologia":"Média-Alta"},"geometry":{"type":"Point","coordinates":[-35.0609,-8.39303]}},{"type":"Feature","id":"2607604","properties":{"codigo_ibge":"2607604","CD_MUN":"2607604","name":"ILHA DE ITAMARACÁ","uf":"PE","tipologia":"Média-Alta"},"geometry":{"type":"Point","coordinates":[-34.8303,-7.74766]}},{"type":"Feature","id":"2607653","properties":{"codigo_ibge":"2607653","CD_MUN":"2607653","name":"ITAMBÉ","uf":"PE","tipologia":"Baixa"},"geometry":{"type":"Point","coordinates":[-35.0963,-7.41403]}},{"type":"Feature","id":"2607752","properties":{"codigo_ibge":"2607752","CD_MUN":"2607752","name":"ITAPISSUMA","uf":"PE","tipologia":"Alta-Baixa"},"geometry":{"type":"Point","coordinates":[-34.8971,-7.76798]}},{"type":"Feature","id":"2607802","properties":{"codigo_ibge":"2607802","CD_MUN":"2607802","name":"ITAQUITINGA","uf":"PE","tipologia":"Baixa"},"geometry":{"type":"Point","coordinates":[-35.1002,-7.66373]}},{"type":"Feature","id":"2607901","properties":{"codigo_ibge":"2607901","CD_MUN":"2607901","name":"JABOATĂO DOS GUARARAPES","uf":"PE","tipologia":"Baixa"},"geometry":{"type":"Point","coordinates":[-35.015,-8.11298]}},{"type":"Feature","id":"2609006","properties":{"codigo_ibge":"2609006","CD_MUN":"2609006","name":"MACAPARANA","uf":"PE","tipologia":"Baixa"},"geometry":{"type":"Point","coordinates":[-35.4425,-7.55564]}},{"type":"Feature","id":"2609600","properties":{"codigo_ibge":"2609600","CD_MUN":"2609600","name":"OLINDA","uf":"PE","tipologia":"Média-Média"},"geometry":{"type":"Point","coordinates":[-34.8545,-8.01017]}},{"type":"Feature","id":"2610608","properties":{"codigo_ibge":"2610608","CD_MUN":"2610608","name":"PAUDALHO","uf":"PE","tipologia":"Média-Média"},"geometry":{"type":"Point","coordinates":[-35.1716,-7.90287]}},{"type":"Feature","id":"2610707","properties":{"codigo_ibge":"2610707","CD_MUN":"2610707","name":"PAULISTA","uf":"PE","tipologia":"Média-Média"},"geometry":{"type":"Point","coordinates":[-34.8684,-7.93401]}},{"type":"Feature","id":"2611606","properties":{"codigo_ibge":"2611606","CD_MUN":"2611606","name":"RECIFE","uf":"PE","tipologia":"Média-Média"},"geometry":{"type":"Point","coordinates":[-34.8771,-8.04666]}},{"type":"Feature","id":"2611903","properties":{"codigo_ibge":"2611903","CD_MUN":"2611903","name":"RIO FORMOSO","uf":"PE","tipologia":"Média-Baixa"},"geometry":{"type":"Point","coordinates":[-35.1532,-8.6592]}},{"type":"Feature","id":"2613404","properties":{"codigo_ibge":"2613404","CD_MUN":"2613404","name":"SĂO JOSÉ DA COROA GRANDE","uf":"PE","tipologia":"Média-Alta"},"geometry":{"type":"Point","coordinates":[-35.1515,-8.88937]}},{"type":"Feature","id":"2613800","properties":{"codigo_ibge":"2613800","CD_MUN":"2613800","name":"SĂO VICENTE FÉRRER","uf":"PE","tipologia":"Baixa"},"geometry":{"type":"Point","coordinates":[-35.4808,-7.58969]}},{"type":"Feature","id":"2614204","properties":{"codigo_ibge":"2614204","CD_MUN":"2614204","name":"SIRINHAÉM","uf":"PE","tipologia":"Média-Média"},"geometry":{"type":"Point","coordinates":[-35.1126,-8.58778]}},{"type":"Feature","id":"2614857","properties":{"codigo_ibge":"2614857","CD_MUN":"2614857","name":"TAMANDARÉ","uf":"PE","tipologia":"Média-Alta"},"geometry":{"type":"Point","coordinates":[-35.1033,-8.75665]}},{"type":"Feature","id":"2615300","properties":{"codigo_ibge":"2615300","CD_MUN":"2615300","name":"TIMBAÚBA","uf":"PE","tipologia":"Baixa"},"geometry":{"type":"Point","coordinates":[-35.3119,-7.50484]}},{"type":"Feature","id":"2616308","properties":{"codigo_ibge":"2616308","CD_MUN":"2616308","name":"VICĘNCIA","uf":"PE","tipologia":"Média-Baixa"},"geometry":{"type":"Point","coordinates":[-35.3139,-7.65655]}},{"type":"Feature","id":"2700201","properties":{"codigo_ibge":"2700201","CD_MUN":"2700201","name":"ANADIA","uf":"AL","tipologia":"Média-Baixa"},"geometry":{"type":"Point","coordinates":[-36.3078,-9.68489]}},{"type":"Feature","id":"2700409","properties":{"codigo_ibge":"2700409","CD_MUN":"2700409","name":"ATALAIA","uf":"AL","tipologia":"Baixa"},"geometry":{"type":"Point","coordinates":[-36.0086,-9.5119]}},{"type":"Feature","id":"2700508","properties":{"codigo_ibge":"2700508","CD_MUN":"2700508","name":"BARRA DE SANTO ANTÔNIO","uf":"AL","tipologia":"Média-Alta"},"geometry":{"type":"Point","coordinates":[-35.5101,-9.4023]}},{"type":"Feature","id":"2700607","properties":{"codigo_ibge":"2700607","CD_MUN":"2700607","name":"BARRA DE SĂO MIGUEL","uf":"AL","tipologia":"Média-Alta"},"geometry":{"type":"Point","coordinates":[-35.9057,-9.83842]}},{"type":"Feature","id":"2701001","properties":{"codigo_ibge":"2701001","CD_MUN":"2701001","name":"BOCA DA MATA","uf":"AL","tipologia":"Baixa"},"geometry":{"type":"Point","coordinates":[-36.2125,-9.64308]}},{"type":"Feature","id":"2701357","properties":{"codigo_ibge":"2701357","CD_MUN":"2701357","name":"CAMPESTRE","uf":"AL","tipologia":"Baixa"},"geometry":{"type":"Point","coordinates":[-35.5685,-8.84723]}},{"type":"Feature","id":"2701407","properties":{"codigo_ibge":"2701407","CD_MUN":"2701407","name":"CAMPO ALEGRE","uf":"AL","tipologia":"Baixa"},"geometry":{"type":"Point","coordinates":[-36.3525,-9.78451]}},{"type":"Feature","id":"2702108","properties":{"codigo_ibge":"2702108","CD_MUN":"2702108","name":"COLÔNIA LEOPOLDINA","uf":"AL","tipologia":"Baixa"},"geometry":{"type":"Point","coordinates":[-35.7214,-8.91806]}},{"type":"Feature","id":"2702207","properties":{"codigo_ibge":"2702207","CD_MUN":"2702207","name":"COQUEIRO SECO","uf":"AL","tipologia":"Alta-Alta"},"geometry":{"type":"Point","coordinates":[-35.7994,-9.63715]}},{"type":"Feature","id":"2702306","properties":{"codigo_ibge":"2702306","CD_MUN":"2702306","name":"CORURIPE","uf":"AL","tipologia":"Média-Baixa"},"geometry":{"type":"Point","coordinates":[-36.1717,-10.1276]}},{"type":"Feature","id":"2702702","properties":{"codigo_ibge":"2702702","CD_MUN":"2702702","name":"FELIZ DESERTO","uf":"AL","tipologia":"Média-Média"},"geometry":{"type":"Point","coordinates":[-36.3028,-10.2935]}},{"type":"Feature","id":"2703205","properties":{"codigo_ibge":"2703205","CD_MUN":"2703205","name":"IGREJA NOVA","uf":"AL","tipologia":"Alta-Baixa"},"geometry":{"type":"Point","coordinates":[-36.6597,-10.1235]}},{"type":"Feature","id":"2703502","properties":{"codigo_ibge":"2703502","CD_MUN":"2703502","name":"JACUÍPE","uf":"AL","tipologia":"Média-Baixa"},"geometry":{"type":"Point","coordinates":[-35.4591,-8.83951]}},{"type":"Feature","id":"2703601","properties":{"codigo_ibge":"2703601","CD_MUN":"2703601","name":"JAPARATINGA","uf":"AL","tipologia":"Média-Alta"},"geometry":{"type":"Point","coordinates":[-35.2634,-9.08746]}},{"type":"Feature","id":"2703759","properties":{"codigo_ibge":"2703759","CD_MUN":"2703759","name":"JEQUIÁ DA PRAIA","uf":"AL","tipologia":"Alta-Alta"},"geometry":{"type":"Point","coordinates":[-36.0142,-10.0133]}},{"type":"Feature","id":"2703908","properties":{"codigo_ibge":"2703908","CD_MUN":"2703908","name":"JUNDIÁ","uf":"AL","tipologia":"Alta-Média"},"geometry":{"type":"Point","coordinates":[-35.5669,-8.93297]}},{"type":"Feature","id":"2704302","properties":{"codigo_ibge":"2704302","CD_MUN":"2704302","name":"MACEIÓ","uf":"AL","tipologia":"Média-Média"},"geometry":{"type":"Point","coordinates":[-35.735,-9.66599]}},{"type":"Feature","id":"2704500","properties":{"codigo_ibge":"2704500","CD_MUN":"2704500","name":"MARAGOGI","uf":"AL","tipologia":"Média-Alta"},"geometry":{"type":"Point","coordinates":[-35.2267,-9.00744]}},{"type":"Feature","id":"2704708","properties":{"codigo_ibge":"2704708","CD_MUN":"2704708","name":"MARECHAL DEODORO","uf":"AL","tipologia":"Média-Alta"},"geometry":{"type":"Point","coordinates":[-35.8967,-9.70971]}},{"type":"Feature","id":"2705101","properties":{"codigo_ibge":"2705101","CD_MUN":"2705101","name":"MATRIZ DE CAMARAGIBE","uf":"AL","tipologia":"Baixa"},"geometry":{"type":"Point","coordinates":[-35.5243,-9.15437]}},{"type":"Feature","id":"2705200","properties":{"codigo_ibge":"2705200","CD_MUN":"2705200","name":"MESSIAS","uf":"AL","tipologia":"Baixa"},"geometry":{"type":"Point","coordinates":[-35.8392,-9.39384]}},{"type":"Feature","id":"2705507","properties":{"codigo_ibge":"2705507","CD_MUN":"2705507","name":"MURICI","uf":"AL","tipologia":"Baixa"},"geometry":{"type":"Point","coordinates":[-35.9428,-9.30682]}},{"type":"Feature","id":"2705606","properties":{"codigo_ibge":"2705606","CD_MUN":"2705606","name":"NOVO LINO","uf":"AL","tipologia":"Média-Média"},"geometry":{"type":"Point","coordinates":[-35.664,-8.94191]}},{"type":"Feature","id":"2706448","properties":{"codigo_ibge":"2706448","CD_MUN":"2706448","name":"PARIPUEIRA","uf":"AL","tipologia":"Média-Alta"},"geometry":{"type":"Point","coordinates":[-35.552,-9.46313]}},{"type":"Feature","id":"2706505","properties":{"codigo_ibge":"2706505","CD_MUN":"2706505","name":"PASSO DE CAMARAGIBE","uf":"AL","tipologia":"Alta-Alta"},"geometry":{"type":"Point","coordinates":[-35.4745,-9.24511]}},{"type":"Feature","id":"2706703","properties":{"codigo_ibge":"2706703","CD_MUN":"2706703","name":"PENEDO","uf":"AL","tipologia":"Alta-Média"},"geometry":{"type":"Point","coordinates":[-36.5819,-10.2874]}},{"type":"Feature","id":"2706802","properties":{"codigo_ibge":"2706802","CD_MUN":"2706802","name":"PIAÇABUÇU","uf":"AL","tipologia":"Alta-Alta"},"geometry":{"type":"Point","coordinates":[-36.434,-10.406]}},{"type":"Feature","id":"2706901","properties":{"codigo_ibge":"2706901","CD_MUN":"2706901","name":"PILAR","uf":"AL","tipologia":"Média-Média"},"geometry":{"type":"Point","coordinates":[-35.9543,-9.60135]}},{"type":"Feature","id":"2707305","properties":{"codigo_ibge":"2707305","CD_MUN":"2707305","name":"PORTO CALVO","uf":"AL","tipologia":"Baixa"},"geometry":{"type":"Point","coordinates":[-35.3987,-9.05195]}},{"type":"Feature","id":"2707404","properties":{"codigo_ibge":"2707404","CD_MUN":"2707404","name":"PORTO DE PEDRAS","uf":"AL","tipologia":"Média-Alta"},"geometry":{"type":"Point","coordinates":[-35.3049,-9.16006]}},{"type":"Feature","id":"2707503","properties":{"codigo_ibge":"2707503","CD_MUN":"2707503","name":"PORTO REAL DO COLÉGIO","uf":"AL","tipologia":"Alta-Média"},"geometry":{"type":"Point","coordinates":[-36.8376,-10.1849]}},{"type":"Feature","id":"2707701","properties":{"codigo_ibge":"2707701","CD_MUN":"2707701","name":"RIO LARGO","uf":"AL","tipologia":"Baixa"},"geometry":{"type":"Point","coordinates":[-35.8394,-9.47783]}},{"type":"Feature","id":"2707800","properties":{"codigo_ibge":"2707800","CD_MUN":"2707800","name":"ROTEIRO","uf":"AL","tipologia":"Alta-Alta"},"geometry":{"type":"Point","coordinates":[-35.9782,-9.83503]}},{"type":"Feature","id":"2707909","properties":{"codigo_ibge":"2707909","CD_MUN":"2707909","name":"SANTA LUZIA DO NORTE","uf":"AL","tipologia":"Alta-Baixa"},"geometry":{"type":"Point","coordinates":[-35.8232,-9.6037]}},{"type":"Feature","id":"2708204","properties":{"codigo_ibge":"2708204","CD_MUN":"2708204","name":"SĂO BRÁS","uf":"AL","tipologia":"Alta-Baixa"},"geometry":{"type":"Point","coordinates":[-36.8522,-10.1141]}},{"type":"Feature","id":"2708501","properties":{"codigo_ibge":"2708501","CD_MUN":"2708501","name":"SĂO LUÍS DO QUITUNDE","uf":"AL","tipologia":"Baixa"},"geometry":{"type":"Point","coordinates":[-35.5606,-9.31816]}},{"type":"Feature","id":"2708600","properties":{"codigo_ibge":"2708600","CD_MUN":"2708600","name":"SĂO MIGUEL DOS CAMPOS","uf":"AL","tipologia":"Baixa"},"geometry":{"type":"Point","coordinates":[-36.0971,-9.78301]}},{"type":"Feature","id":"2708709","properties":{"codigo_ibge":"2708709","CD_MUN":"2708709","name":"SĂO MIGUEL DOS MILAGRES","uf":"AL","tipologia":"Média-Alta"},"geometry":{"type":"Point","coordinates":[-35.3763,-9.26493]}},{"type":"Feature","id":"2708907","properties":{"codigo_ibge":"2708907","CD_MUN":"2708907","name":"SATUBA","uf":"AL","tipologia":"Baixa"},"geometry":{"type":"Point","coordinates":[-35.8227,-9.56911]}},{"type":"Feature","id":"2800100","properties":{"codigo_ibge":"2800100","CD_MUN":"2800100","name":"AMPARO DE SĂO FRANCISCO","uf":"SE","tipologia":"Alta-Média"},"geometry":{"type":"Point","coordinates":[-36.935,-10.1348]}},{"type":"Feature","id":"2800209","properties":{"codigo_ibge":"2800209","CD_MUN":"2800209","name":"AQUIDABĂ","uf":"SE","tipologia":"Média-Média"},"geometry":{"type":"Point","coordinates":[-37.0148,-10.278]}},{"type":"Feature","id":"2800308","properties":{"codigo_ibge":"2800308","CD_MUN":"2800308","name":"ARACAJU","uf":"SE","tipologia":"Média-Média"},"geometry":{"type":"Point","coordinates":[-37.0677,-10.9091]}},{"type":"Feature","id":"2800407","properties":{"codigo_ibge":"2800407","CD_MUN":"2800407","name":"ARAUÁ","uf":"SE","tipologia":"Baixa"},"geometry":{"type":"Point","coordinates":[-37.6201,-11.2614]}},{"type":"Feature","id":"2800605","properties":{"codigo_ibge":"2800605","CD_MUN":"2800605","name":"BARRA DOS COQUEIROS","uf":"SE","tipologia":"Média-Alta"},"geometry":{"type":"Point","coordinates":[-37.0323,-10.8996]}},{"type":"Feature","id":"2800670","properties":{"codigo_ibge":"2800670","CD_MUN":"2800670","name":"BOQUIM","uf":"SE","tipologia":"Baixa"},"geometry":{"type":"Point","coordinates":[-37.6195,-11.1397]}},{"type":"Feature","id":"2800704","properties":{"codigo_ibge":"2800704","CD_MUN":"2800704","name":"BREJO GRANDE","uf":"SE","tipologia":"Alta-Alta"},"geometry":{"type":"Point","coordinates":[-36.4611,-10.4297]}},{"type":"Feature","id":"2801108","properties":{"codigo_ibge":"2801108","CD_MUN":"2801108","name":"CANHOBA","uf":"SE","tipologia":"Alta-Média"},"geometry":{"type":"Point","coordinates":[-36.9806,-10.1365]}},{"type":"Feature","id":"2801306","properties":{"codigo_ibge":"2801306","CD_MUN":"2801306","name":"CAPELA","uf":"SE","tipologia":"Média-Baixa"},"geometry":{"type":"Point","coordinates":[-37.0628,-10.5069]}},{"type":"Feature","id":"2801504","properties":{"codigo_ibge":"2801504","CD_MUN":"2801504","name":"CARMÓPOLIS","uf":"SE","tipologia":"Média-Média"},"geometry":{"type":"Point","coordinates":[-36.9887,-10.6449]}},{"type":"Feature","id":"2801603","properties":{"codigo_ibge":"2801603","CD_MUN":"2801603","name":"CEDRO DE SĂO JOĂO","uf":"SE","tipologia":"Alta-Média"},"geometry":{"type":"Point","coordinates":[-36.8856,-10.2534]}},{"type":"Feature","id":"2801702","properties":{"codigo_ibge":"2801702","CD_MUN":"2801702","name":"CRISTINÁPOLIS","uf":"SE","tipologia":"Baixa"},"geometry":{"type":"Point","coordinates":[-37.7585,-11.4668]}},{"type":"Feature","id":"2801900","properties":{"codigo_ibge":"2801900","CD_MUN":"2801900","name":"CUMBE","uf":"SE","tipologia":"Média-Baixa"},"geometry":{"type":"Point","coordinates":[-37.1846,-10.352]}},{"type":"Feature","id":"2802007","properties":{"codigo_ibge":"2802007","CD_MUN":"2802007","name":"DIVINA PASTORA","uf":"SE","tipologia":"Média-Baixa"},"geometry":{"type":"Point","coordinates":[-37.1506,-10.6782]}},{"type":"Feature","id":"2802106","properties":{"codigo_ibge":"2802106","CD_MUN":"2802106","name":"ESTÂNCIA","uf":"SE","tipologia":"Média-Média"},"geometry":{"type":"Point","coordinates":[-37.4484,-11.2659]}},{"type":"Feature","id":"2802502","properties":{"codigo_ibge":"2802502","CD_MUN":"2802502","name":"GENERAL MAYNARD","uf":"SE","tipologia":"Média-Média"},"geometry":{"type":"Point","coordinates":[-36.9838,-10.6835]}},{"type":"Feature","id":"2802700","properties":{"codigo_ibge":"2802700","CD_MUN":"2802700","name":"ILHA DAS FLORES","uf":"SE","tipologia":"Alta-Baixa"},"geometry":{"type":"Point","coordinates":[-36.5479,-10.4425]}},{"type":"Feature","id":"2802809","properties":{"codigo_ibge":"2802809","CD_MUN":"2802809","name":"INDIAROBA","uf":"SE","tipologia":"Alta-Alta"},"geometry":{"type":"Point","coordinates":[-37.515,-11.5157]}},{"type":"Feature","id":"2803005","properties":{"codigo_ibge":"2803005","CD_MUN":"2803005","name":"ITABAIANINHA","uf":"SE","tipologia":"Baixa"},"geometry":{"type":"Point","coordinates":[-37.7875,-11.2693]}},{"type":"Feature","id":"2803203","properties":{"codigo_ibge":"2803203","CD_MUN":"2803203","name":"ITAPORANGA DAJUDA","uf":"SE","tipologia":"Média-Média"},"geometry":{"type":"Point","coordinates":[-37.3078,-10.99]}},{"type":"Feature","id":"2803302","properties":{"codigo_ibge":"2803302","CD_MUN":"2803302","name":"JAPARATUBA","uf":"SE","tipologia":"Média-Média"},"geometry":{"type":"Point","coordinates":[-36.9418,-10.5849]}},{"type":"Feature","id":"2803401","properties":{"codigo_ibge":"2803401","CD_MUN":"2803401","name":"JAPOATĂ","uf":"SE","tipologia":"Média-Baixa"},"geometry":{"type":"Point","coordinates":[-36.8045,-10.3477]}},{"type":"Feature","id":"2803609","properties":{"codigo_ibge":"2803609","CD_MUN":"2803609","name":"LARANJEIRAS","uf":"SE","tipologia":"Alta-Baixa"},"geometry":{"type":"Point","coordinates":[-37.1731,-10.7981]}},{"type":"Feature","id":"2803807","properties":{"codigo_ibge":"2803807","CD_MUN":"2803807","name":"MALHADA DOS BOIS","uf":"SE","tipologia":"Média-Alta"},"geometry":{"type":"Point","coordinates":[-36.9252,-10.3418]}},{"type":"Feature","id":"2804003","properties":{"codigo_ibge":"2804003","CD_MUN":"2804003","name":"MARUIM","uf":"SE","tipologia":"Média-Média"},"geometry":{"type":"Point","coordinates":[-37.0856,-10.7308]}},{"type":"Feature","id":"2804300","properties":{"codigo_ibge":"2804300","CD_MUN":"2804300","name":"MURIBECA","uf":"SE","tipologia":"Baixa"},"geometry":{"type":"Point","coordinates":[-36.9588,-10.4271]}},{"type":"Feature","id":"2804409","properties":{"codigo_ibge":"2804409","CD_MUN":"2804409","name":"NEÓPOLIS","uf":"SE","tipologia":"Média-Baixa"},"geometry":{"type":"Point","coordinates":[-36.585,-10.3215]}},{"type":"Feature","id":"2804607","properties":{"codigo_ibge":"2804607","CD_MUN":"2804607","name":"NOSSA SENHORA DAS DORES","uf":"SE","tipologia":"Baixa"},"geometry":{"type":"Point","coordinates":[-37.1963,-10.4854]}},{"type":"Feature","id":"2804706","properties":{"codigo_ibge":"2804706","CD_MUN":"2804706","name":"NOSSA SENHORA DE LOURDES","uf":"SE","tipologia":"Média-Baixa"},"geometry":{"type":"Point","coordinates":[-37.0615,-10.0772]}},{"type":"Feature","id":"2804805","properties":{"codigo_ibge":"2804805","CD_MUN":"2804805","name":"NOSSA SENHORA DO SOCORRO","uf":"SE","tipologia":"Média-Média"},"geometry":{"type":"Point","coordinates":[-37.1231,-10.8468]}},{"type":"Feature","id":"2804904","properties":{"codigo_ibge":"2804904","CD_MUN":"2804904","name":"PACATUBA","uf":"SE","tipologia":"Alta-Média"},"geometry":{"type":"Point","coordinates":[-36.6531,-10.4538]}},{"type":"Feature","id":"2805109","properties":{"codigo_ibge":"2805109","CD_MUN":"2805109","name":"PEDRINHAS","uf":"SE","tipologia":"Baixa"},"geometry":{"type":"Point","coordinates":[-37.6775,-11.1902]}},{"type":"Feature","id":"2805307","properties":{"codigo_ibge":"2805307","CD_MUN":"2805307","name":"PIRAMBU","uf":"SE","tipologia":"Alta-Média"},"geometry":{"type":"Point","coordinates":[-36.8544,-10.7215]}},{"type":"Feature","id":"2805703","properties":{"codigo_ibge":"2805703","CD_MUN":"2805703","name":"PROPRIÁ","uf":"SE","tipologia":"Média-Média"},"geometry":{"type":"Point","coordinates":[-36.8442,-10.2138]}},{"type":"Feature","id":"2805901","properties":{"codigo_ibge":"2805901","CD_MUN":"2805901","name":"RIACHUELO","uf":"SE","tipologia":"Média-Baixa"},"geometry":{"type":"Point","coordinates":[-37.1966,-10.735]}},{"type":"Feature","id":"2806107","properties":{"codigo_ibge":"2806107","CD_MUN":"2806107","name":"ROSÁRIO DO CATETE","uf":"SE","tipologia":"Baixa"},"geometry":{"type":"Point","coordinates":[-37.0357,-10.6904]}},{"type":"Feature","id":"2806305","properties":{"codigo_ibge":"2806305","CD_MUN":"2806305","name":"SANTA LUZIA DO ITANHY","uf":"SE","tipologia":"Alta-Alta"},"geometry":{"type":"Point","coordinates":[-37.4586,-11.3536]}},{"type":"Feature","id":"2806404","properties":{"codigo_ibge":"2806404","CD_MUN":"2806404","name":"SANTANA DO SĂO FRANCISCO","uf":"SE","tipologia":"Alta-Alta"},"geometry":{"type":"Point","coordinates":[-36.6105,-10.2922]}},{"type":"Feature","id":"2806503","properties":{"codigo_ibge":"2806503","CD_MUN":"2806503","name":"SANTA ROSA DE LIMA","uf":"SE","tipologia":"Baixa"},"geometry":{"type":"Point","coordinates":[-37.1931,-10.6434]}},{"type":"Feature","id":"2806602","properties":{"codigo_ibge":"2806602","CD_MUN":"2806602","name":"SANTO AMARO DAS BROTAS","uf":"SE","tipologia":"Média-Baixa"},"geometry":{"type":"Point","coordinates":[-37.0564,-10.7892]}},{"type":"Feature","id":"2806701","properties":{"codigo_ibge":"2806701","CD_MUN":"2806701","name":"SĂO CRISTÓVĂO","uf":"SE","tipologia":"Média-Média"},"geometry":{"type":"Point","coordinates":[-37.2044,-11.0084]}},{"type":"Feature","id":"2806909","properties":{"codigo_ibge":"2806909","CD_MUN":"2806909","name":"SĂO FRANCISCO","uf":"SE","tipologia":"Média-Baixa"},"geometry":{"type":"Point","coordinates":[-36.8869,-10.3442]}},{"type":"Feature","id":"2807204","properties":{"codigo_ibge":"2807204","CD_MUN":"2807204","name":"SIRIRI","uf":"SE","tipologia":"Média-Baixa"},"geometry":{"type":"Point","coordinates":[-37.1131,-10.5965]}},{"type":"Feature","id":"2807303","properties":{"codigo_ibge":"2807303","CD_MUN":"2807303","name":"TELHA","uf":"SE","tipologia":"Média-Alta"},"geometry":{"type":"Point","coordinates":[-36.8818,-10.2064]}},{"type":"Feature","id":"2807501","properties":{"codigo_ibge":"2807501","CD_MUN":"2807501","name":"TOMAR DO GERU","uf":"SE","tipologia":"Baixa"},"geometry":{"type":"Point","coordinates":[-37.8433,-11.3694]}},{"type":"Feature","id":"2807600","properties":{"codigo_ibge":"2807600","CD_MUN":"2807600","name":"UMBAÚBA","uf":"SE","tipologia":"Baixa"},"geometry":{"type":"Point","coordinates":[-37.6623,-11.3809]}},{"type":"Feature","id":"2900306","properties":{"codigo_ibge":"2900306","CD_MUN":"2900306","name":"ACAJUTIBA","uf":"BA","tipologia":"Baixa"},"geometry":{"type":"Point","coordinates":[-38.0197,-11.6575]}},{"type":"Feature","id":"2900702","properties":{"codigo_ibge":"2900702","CD_MUN":"2900702","name":"ALAGOINHAS","uf":"BA","tipologia":"Média-Média"},"geometry":{"type":"Point","coordinates":[-38.4208,-12.1335]}},{"type":"Feature","id":"2900801","properties":{"codigo_ibge":"2900801","CD_MUN":"2900801","name":"ALCOBAÇA","uf":"BA","tipologia":"Média-Alta"},"geometry":{"type":"Point","coordinates":[-39.2036,-17.5195]}},{"type":"Feature","id":"2900900","properties":{"codigo_ibge":"2900900","CD_MUN":"2900900","name":"ALMADINA","uf":"BA","tipologia":"Baixa"},"geometry":{"type":"Point","coordinates":[-39.6415,-14.7089]}},{"type":"Feature","id":"2901908","properties":{"codigo_ibge":"2901908","CD_MUN":"2901908","name":"APORÁ","uf":"BA","tipologia":"Baixa"},"geometry":{"type":"Point","coordinates":[-38.0814,-11.6577]}},{"type":"Feature","id":"2902054","properties":{"codigo_ibge":"2902054","CD_MUN":"2902054","name":"ARAÇÁS","uf":"BA","tipologia":"Alta-Baixa"},"geometry":{"type":"Point","coordinates":[-38.2027,-12.22]}},{"type":"Feature","id":"2902203","properties":{"codigo_ibge":"2902203","CD_MUN":"2902203","name":"ARAMARI","uf":"BA","tipologia":"Alta-Baixa"},"geometry":{"type":"Point","coordinates":[-38.4969,-12.0884]}},{"type":"Feature","id":"2902252","properties":{"codigo_ibge":"2902252","CD_MUN":"2902252","name":"ARATACA","uf":"BA","tipologia":"Baixa"},"geometry":{"type":"Point","coordinates":[-39.419,-15.2651]}},{"type":"Feature","id":"2902302","properties":{"codigo_ibge":"2902302","CD_MUN":"2902302","name":"ARATUÍPE","uf":"BA","tipologia":"Média-Alta"},"geometry":{"type":"Point","coordinates":[-39.0038,-13.0716]}},{"type":"Feature","id":"2902401","properties":{"codigo_ibge":"2902401","CD_MUN":"2902401","name":"AURELINO LEAL","uf":"BA","tipologia":"Média-Baixa"},"geometry":{"type":"Point","coordinates":[-39.329,-14.321]}},{"type":"Feature","id":"2903300","properties":{"codigo_ibge":"2903300","CD_MUN":"2903300","name":"BARRO PRETO","uf":"BA","tipologia":"Baixa"},"geometry":{"type":"Point","coordinates":[-39.476,-14.7948]}},{"type":"Feature","id":"2903409","properties":{"codigo_ibge":"2903409","CD_MUN":"2903409","name":"BELMONTE","uf":"BA","tipologia":"Média-Média"},"geometry":{"type":"Point","coordinates":[-38.8758,-15.8608]}},{"type":"Feature","id":"2904704","properties":{"codigo_ibge":"2904704","CD_MUN":"2904704","name":"BUERAREMA","uf":"BA","tipologia":"Média-Média"},"geometry":{"type":"Point","coordinates":[-39.3028,-14.9595]}},{"type":"Feature","id":"2904852","properties":{"codigo_ibge":"2904852","CD_MUN":"2904852","name":"CABACEIRAS DO PARAGUAÇU","uf":"BA","tipologia":"Média-Alta"},"geometry":{"type":"Point","coordinates":[-39.1902,-12.5317]}},{"type":"Feature","id":"2904902","properties":{"codigo_ibge":"2904902","CD_MUN":"2904902","name":"CACHOEIRA","uf":"BA","tipologia":"Alta-Média"},"geometry":{"type":"Point","coordinates":[-38.9587,-12.5994]}},{"type":"Feature","id":"2905404","properties":{"codigo_ibge":"2905404","CD_MUN":"2905404","name":"CAIRU","uf":"BA","tipologia":"Alta-Alta"},"geometry":{"type":"Point","coordinates":[-39.0465,-13.4904]}},{"type":"Feature","id":"2905602","properties":{"codigo_ibge":"2905602","CD_MUN":"2905602","name":"CAMACAN","uf":"BA","tipologia":"Média-Média"},"geometry":{"type":"Point","coordinates":[-39.4919,-15.4142]}},{"type":"Feature","id":"2905701","properties":{"codigo_ibge":"2905701","CD_MUN":"2905701","name":"CAMAÇARI","uf":"BA","tipologia":"Média-Média"},"geometry":{"type":"Point","coordinates":[-38.3263,-12.6996]}},{"type":"Feature","id":"2905800","properties":{"codigo_ibge":"2905800","CD_MUN":"2905800","name":"CAMAMU","uf":"BA","tipologia":"Alta-Média"},"geometry":{"type":"Point","coordinates":[-39.1071,-13.9398]}},{"type":"Feature","id":"2906303","properties":{"codigo_ibge":"2906303","CD_MUN":"2906303","name":"CANAVIEIRAS","uf":"BA","tipologia":"Média-Alta"},"geometry":{"type":"Point","coordinates":[-38.9536,-15.6722]}},{"type":"Feature","id":"2906501","properties":{"codigo_ibge":"2906501","CD_MUN":"2906501","name":"CANDEIAS","uf":"BA","tipologia":"Média-Média"},"geometry":{"type":"Point","coordinates":[-38.5472,-12.6716]}},{"type":"Feature","id":"2906907","properties":{"codigo_ibge":"2906907","CD_MUN":"2906907","name":"CARAVELAS","uf":"BA","tipologia":"Alta-Média"},"geometry":{"type":"Point","coordinates":[-39.2597,-17.7268]}},{"type":"Feature","id":"2907004","properties":{"codigo_ibge":"2907004","CD_MUN":"2907004","name":"CARDEAL DA SILVA","uf":"BA","tipologia":"Média-Baixa"},"geometry":{"type":"Point","coordinates":[-37.9469,-11.9472]}},{"type":"Feature","id":"2907301","properties":{"codigo_ibge":"2907301","CD_MUN":"2907301","name":"CASTRO ALVES","uf":"BA","tipologia":"Baixa"},"geometry":{"type":"Point","coordinates":[-39.4248,-12.7579]}},{"type":"Feature","id":"2907509","properties":{"codigo_ibge":"2907509","CD_MUN":"2907509","name":"CATU","uf":"BA","tipologia":"Baixa"},"geometry":{"type":"Point","coordinates":[-38.3791,-12.3513]}},{"type":"Feature","id":"2908002","properties":{"codigo_ibge":"2908002","CD_MUN":"2908002","name":"COARACI","uf":"BA","tipologia":"Baixa"},"geometry":{"type":"Point","coordinates":[-39.5556,-14.637]}},{"type":"Feature","id":"2908309","properties":{"codigo_ibge":"2908309","CD_MUN":"2908309","name":"CONCEIÇĂO DO ALMEIDA","uf":"BA","tipologia":"Baixa"},"geometry":{"type":"Point","coordinates":[-39.1715,-12.7836]}},{"type":"Feature","id":"2908606","properties":{"codigo_ibge":"2908606","CD_MUN":"2908606","name":"CONDE","uf":"BA","tipologia":"Média-Média"},"geometry":{"type":"Point","coordinates":[-37.6131,-11.8179]}},{"type":"Feature","id":"2909604","properties":{"codigo_ibge":"2909604","CD_MUN":"2909604","name":"CRISÓPOLIS","uf":"BA","tipologia":"Baixa"},"geometry":{"type":"Point","coordinates":[-38.1515,-11.5059]}},{"type":"Feature","id":"2909802","properties":{"codigo_ibge":"2909802","CD_MUN":"2909802","name":"CRUZ DAS ALMAS","uf":"BA","tipologia":"Média-Média"},"geometry":{"type":"Point","coordinates":[-39.1008,-12.6675]}},{"type":"Feature","id":"2910057","properties":{"codigo_ibge":"2910057","CD_MUN":"2910057","name":"DIAS DÁVILA","uf":"BA","tipologia":"Baixa"},"geometry":{"type":"Point","coordinates":[-38.2926,-12.6187]}},{"type":"Feature","id":"2910503","properties":{"codigo_ibge":"2910503","CD_MUN":"2910503","name":"ENTRE RIOS","uf":"BA","tipologia":"Média-Alta"},"geometry":{"type":"Point","coordinates":[-38.0871,-11.9392]}},{"type":"Feature","id":"2910602","properties":{"codigo_ibge":"2910602","CD_MUN":"2910602","name":"ESPLANADA","uf":"BA","tipologia":"Média-Média"},"geometry":{"type":"Point","coordinates":[-37.9432,-11.7942]}},{"type":"Feature","id":"2910727","properties":{"codigo_ibge":"2910727","CD_MUN":"2910727","name":"EUNÁPOLIS","uf":"BA","tipologia":"Média-Média"},"geometry":{"type":"Point","coordinates":[-39.5821,-16.3715]}},{"type":"Feature","id":"2910909","properties":{"codigo_ibge":"2910909","CD_MUN":"2910909","name":"FIRMINO ALVES","uf":"BA","tipologia":"Média-Baixa"},"geometry":{"type":"Point","coordinates":[-39.9269,-14.9823]}},{"type":"Feature","id":"2911006","properties":{"codigo_ibge":"2911006","CD_MUN":"2911006","name":"FLORESTA AZUL","uf":"BA","tipologia":"Baixa"},"geometry":{"type":"Point","coordinates":[-39.6579,-14.8629]}},{"type":"Feature","id":"2911600","properties":{"codigo_ibge":"2911600","CD_MUN":"2911600","name":"GOVERNADOR MANGABEIRA","uf":"BA","tipologia":"Baixa"},"geometry":{"type":"Point","coordinates":[-39.0412,-12.5994]}},{"type":"Feature","id":"2911808","properties":{"codigo_ibge":"2911808","CD_MUN":"2911808","name":"GUARATINGA","uf":"BA","tipologia":"Baixa"},"geometry":{"type":"Point","coordinates":[-39.7847,-16.5833]}},{"type":"Feature","id":"2912103","properties":{"codigo_ibge":"2912103","CD_MUN":"2912103","name":"IBICARAÍ","uf":"BA","tipologia":"Baixa"},"geometry":{"type":"Point","coordinates":[-39.5914,-14.8579]}},{"type":"Feature","id":"2912301","properties":{"codigo_ibge":"2912301","CD_MUN":"2912301","name":"IBICUÍ","uf":"BA","tipologia":"Baixa"},"geometry":{"type":"Point","coordinates":[-39.9879,-14.845]}},{"type":"Feature","id":"2912707","properties":{"codigo_ibge":"2912707","CD_MUN":"2912707","name":"IBIRAPITANGA","uf":"BA","tipologia":"Baixa"},"geometry":{"type":"Point","coordinates":[-39.3787,-14.1649]}},{"type":"Feature","id":"2912806","properties":{"codigo_ibge":"2912806","CD_MUN":"2912806","name":"IBIRAPUĂ","uf":"BA","tipologia":"Média-Baixa"},"geometry":{"type":"Point","coordinates":[-40.1129,-17.6832]}},{"type":"Feature","id":"2913457","properties":{"codigo_ibge":"2913457","CD_MUN":"2913457","name":"IGRAPIÚNA","uf":"BA","tipologia":"Alta-Baixa"},"geometry":{"type":"Point","coordinates":[-39.1361,-13.8295]}},{"type":"Feature","id":"2913606","properties":{"codigo_ibge":"2913606","CD_MUN":"2913606","name":"ILHÉUS","uf":"BA","tipologia":"Média-Alta"},"geometry":{"type":"Point","coordinates":[-39.046,-14.793]}},{"type":"Feature","id":"2913705","properties":{"codigo_ibge":"2913705","CD_MUN":"2913705","name":"INHAMBUPE","uf":"BA","tipologia":"Baixa"},"geometry":{"type":"Point","coordinates":[-38.355,-11.781]}},{"type":"Feature","id":"2914653","properties":{"codigo_ibge":"2914653","CD_MUN":"2914653","name":"ITABELA","uf":"BA","tipologia":"Média-Baixa"},"geometry":{"type":"Point","coordinates":[-39.5593,-16.5732]}},{"type":"Feature","id":"2914802","properties":{"codigo_ibge":"2914802","CD_MUN":"2914802","name":"ITABUNA","uf":"BA","tipologia":"Baixa"},"geometry":{"type":"Point","coordinates":[-39.2781,-14.7876]}},{"type":"Feature","id":"2914901","properties":{"codigo_ibge":"2914901","CD_MUN":"2914901","name":"ITACARÉ","uf":"BA","tipologia":"Média-Alta"},"geometry":{"type":"Point","coordinates":[-38.9959,-14.2784]}},{"type":"Feature","id":"2915304","properties":{"codigo_ibge":"2915304","CD_MUN":"2915304","name":"ITAGIMIRIM","uf":"BA","tipologia":"Média-Média"},"geometry":{"type":"Point","coordinates":[-39.6133,-16.0819]}},{"type":"Feature","id":"2915403","properties":{"codigo_ibge":"2915403","CD_MUN":"2915403","name":"ITAJU DO COLÔNIA","uf":"BA","tipologia":"Alta-Baixa"},"geometry":{"type":"Point","coordinates":[-39.7283,-15.1366]}},{"type":"Feature","id":"2915502","properties":{"codigo_ibge":"2915502","CD_MUN":"2915502","name":"ITAJUÍPE","uf":"BA","tipologia":"Média-Média"},"geometry":{"type":"Point","coordinates":[-39.3698,-14.6788]}},{"type":"Feature","id":"2915601","properties":{"codigo_ibge":"2915601","CD_MUN":"2915601","name":"ITAMARAJU","uf":"BA","tipologia":"Média-Média"},"geometry":{"type":"Point","coordinates":[-39.5386,-17.0378]}},{"type":"Feature","id":"2915908","properties":{"codigo_ibge":"2915908","CD_MUN":"2915908","name":"ITANAGRA","uf":"BA","tipologia":"Média-Baixa"},"geometry":{"type":"Point","coordinates":[-38.0436,-12.2614]}},{"type":"Feature","id":"2916005","properties":{"codigo_ibge":"2916005","CD_MUN":"2916005","name":"ITANHÉM","uf":"BA","tipologia":"Média-Baixa"},"geometry":{"type":"Point","coordinates":[-40.3321,-17.1642]}},{"type":"Feature","id":"2916104","properties":{"codigo_ibge":"2916104","CD_MUN":"2916104","name":"ITAPARICA","uf":"BA","tipologia":"Alta-Alta"},"geometry":{"type":"Point","coordinates":[-38.68,-12.8932]}},{"type":"Feature","id":"2916203","properties":{"codigo_ibge":"2916203","CD_MUN":"2916203","name":"ITAPÉ","uf":"BA","tipologia":"Média-Média"},"geometry":{"type":"Point","coordinates":[-39.4239,-14.8876]}},{"type":"Feature","id":"2916302","properties":{"codigo_ibge":"2916302","CD_MUN":"2916302","name":"ITAPEBI","uf":"BA","tipologia":"Média-Alta"},"geometry":{"type":"Point","coordinates":[-39.5329,-15.9551]}},{"type":"Feature","id":"2916500","properties":{"codigo_ibge":"2916500","CD_MUN":"2916500","name":"ITAPICURU","uf":"BA","tipologia":"Baixa"},"geometry":{"type":"Point","coordinates":[-38.2262,-11.3088]}},{"type":"Feature","id":"2916609","properties":{"codigo_ibge":"2916609","CD_MUN":"2916609","name":"ITAPITANGA","uf":"BA","tipologia":"Baixa"},"geometry":{"type":"Point","coordinates":[-39.5657,-14.4139]}},{"type":"Feature","id":"2916856","properties":{"codigo_ibge":"2916856","CD_MUN":"2916856","name":"ITATIM","uf":"BA","tipologia":"Média-Alta"},"geometry":{"type":"Point","coordinates":[-39.6952,-12.7099]}},{"type":"Feature","id":"2917300","properties":{"codigo_ibge":"2917300","CD_MUN":"2917300","name":"ITUBERÁ","uf":"BA","tipologia":"Alta-Média"},"geometry":{"type":"Point","coordinates":[-39.1481,-13.7249]}},{"type":"Feature","id":"2917805","properties":{"codigo_ibge":"2917805","CD_MUN":"2917805","name":"JAGUARIPE","uf":"BA","tipologia":"Alta-Alta"},"geometry":{"type":"Point","coordinates":[-38.8939,-13.1109]}},{"type":"Feature","id":"2917904","properties":{"codigo_ibge":"2917904","CD_MUN":"2917904","name":"JANDAÍRA","uf":"BA","tipologia":"Alta-Alta"},"geometry":{"type":"Point","coordinates":[-37.7853,-11.5616]}},{"type":"Feature","id":"2918456","properties":{"codigo_ibge":"2918456","CD_MUN":"2918456","name":"JUCURUÇU","uf":"BA","tipologia":"Baixa"},"geometry":{"type":"Point","coordinates":[-40.1641,-16.8488]}},{"type":"Feature","id":"2918555","properties":{"codigo_ibge":"2918555","CD_MUN":"2918555","name":"JUSSARI","uf":"BA","tipologia":"Baixa"},"geometry":{"type":"Point","coordinates":[-39.491,-15.192]}},{"type":"Feature","id":"2918902","properties":{"codigo_ibge":"2918902","CD_MUN":"2918902","name":"LAJEDĂO","uf":"BA","tipologia":"Baixa"},"geometry":{"type":"Point","coordinates":[-40.3383,-17.6056]}},{"type":"Feature","id":"2919207","properties":{"codigo_ibge":"2919207","CD_MUN":"2919207","name":"LAURO DE FREITAS","uf":"BA","tipologia":"Média-Média"},"geometry":{"type":"Point","coordinates":[-38.321,-12.8978]}},{"type":"Feature","id":"2919926","properties":{"codigo_ibge":"2919926","CD_MUN":"2919926","name":"MADRE DE DEUS","uf":"BA","tipologia":"Alta-Média"},"geometry":{"type":"Point","coordinates":[-38.6153,-12.7446]}},{"type":"Feature","id":"2920601","properties":{"codigo_ibge":"2920601","CD_MUN":"2920601","name":"MARAGOGIPE","uf":"BA","tipologia":"Alta-Média"},"geometry":{"type":"Point","coordinates":[-38.9175,-12.776]}},{"type":"Feature","id":"2920700","properties":{"codigo_ibge":"2920700","CD_MUN":"2920700","name":"MARAÚ","uf":"BA","tipologia":"Alta-Alta"},"geometry":{"type":"Point","coordinates":[-39.0137,-14.1035]}},{"type":"Feature","id":"2920908","properties":{"codigo_ibge":"2920908","CD_MUN":"2920908","name":"MASCOTE","uf":"BA","tipologia":"Média-Alta"},"geometry":{"type":"Point","coordinates":[-39.3016,-15.5542]}},{"type":"Feature","id":"2921005","properties":{"codigo_ibge":"2921005","CD_MUN":"2921005","name":"MATA DE SĂO JOĂO","uf":"BA","tipologia":"Baixa"},"geometry":{"type":"Point","coordinates":[-38.3009,-12.5307]}},{"type":"Feature","id":"2921104","properties":{"codigo_ibge":"2921104","CD_MUN":"2921104","name":"MEDEIROS NETO","uf":"BA","tipologia":"Média-Média"},"geometry":{"type":"Point","coordinates":[-40.2238,-17.3707]}},{"type":"Feature","id":"2922003","properties":{"codigo_ibge":"2922003","CD_MUN":"2922003","name":"MUCURI","uf":"BA","tipologia":"Média-Média"},"geometry":{"type":"Point","coordinates":[-39.5565,-18.0754]}},{"type":"Feature","id":"2922300","properties":{"codigo_ibge":"2922300","CD_MUN":"2922300","name":"MURITIBA","uf":"BA","tipologia":"Média-Média"},"geometry":{"type":"Point","coordinates":[-38.9921,-12.6329]}},{"type":"Feature","id":"2922508","properties":{"codigo_ibge":"2922508","CD_MUN":"2922508","name":"NAZARÉ","uf":"BA","tipologia":"Alta-Média"},"geometry":{"type":"Point","coordinates":[-39.0108,-13.0235]}},{"type":"Feature","id":"2922607","properties":{"codigo_ibge":"2922607","CD_MUN":"2922607","name":"NILO PEÇANHA","uf":"BA","tipologia":"Alta-Média"},"geometry":{"type":"Point","coordinates":[-39.1091,-13.604]}},{"type":"Feature","id":"2923001","properties":{"codigo_ibge":"2923001","CD_MUN":"2923001","name":"NOVA VIÇOSA","uf":"BA","tipologia":"Média-Média"},"geometry":{"type":"Point","coordinates":[-39.3743,-17.8926]}},{"type":"Feature","id":"2923902","properties":{"codigo_ibge":"2923902","CD_MUN":"2923902","name":"PAU BRASIL","uf":"BA","tipologia":"Alta-Média"},"geometry":{"type":"Point","coordinates":[-39.6458,-15.4572]}},{"type":"Feature","id":"2924108","properties":{"codigo_ibge":"2924108","CD_MUN":"2924108","name":"PEDRĂO","uf":"BA","tipologia":"Média-Média"},"geometry":{"type":"Point","coordinates":[-38.6487,-12.1491]}},{"type":"Feature","id":"2925204","properties":{"codigo_ibge":"2925204","CD_MUN":"2925204","name":"POJUCA","uf":"BA","tipologia":"Baixa"},"geometry":{"type":"Point","coordinates":[-38.3374,-12.4303]}},{"type":"Feature","id":"2925303","properties":{"codigo_ibge":"2925303","CD_MUN":"2925303","name":"PORTO SEGURO","uf":"BA","tipologia":"Média-Alta"},"geometry":{"type":"Point","coordinates":[-39.0643,-16.4435]}},{"type":"Feature","id":"2925501","properties":{"codigo_ibge":"2925501","CD_MUN":"2925501","name":"PRADO","uf":"BA","tipologia":"Alta-Alta"},"geometry":{"type":"Point","coordinates":[-39.2227,-17.3364]}},{"type":"Feature","id":"2925758","properties":{"codigo_ibge":"2925758","CD_MUN":"2925758","name":"PRESIDENTE TANCREDO NEVES","uf":"BA","tipologia":"Média-Média"},"geometry":{"type":"Point","coordinates":[-39.4203,-13.4471]}},{"type":"Feature","id":"2927002","properties":{"codigo_ibge":"2927002","CD_MUN":"2927002","name":"RIO REAL","uf":"BA","tipologia":"Baixa"},"geometry":{"type":"Point","coordinates":[-37.9332,-11.4814]}},{"type":"Feature","id":"2927309","properties":{"codigo_ibge":"2927309","CD_MUN":"2927309","name":"SALINAS DA MARGARIDA","uf":"BA","tipologia":"Alta-Alta"},"geometry":{"type":"Point","coordinates":[-38.7562,-12.873]}},{"type":"Feature","id":"2927408","properties":{"codigo_ibge":"2927408","CD_MUN":"2927408","name":"SALVADOR","uf":"BA","tipologia":"Média-Média"},"geometry":{"type":"Point","coordinates":[-38.5011,-12.9718]}},{"type":"Feature","id":"2927705","properties":{"codigo_ibge":"2927705","CD_MUN":"2927705","name":"SANTA CRUZ CABRÁLIA","uf":"BA","tipologia":"Alta-Alta"},"geometry":{"type":"Point","coordinates":[-39.0295,-16.2825]}},{"type":"Feature","id":"2927804","properties":{"codigo_ibge":"2927804","CD_MUN":"2927804","name":"SANTA CRUZ DA VITÓRIA","uf":"BA","tipologia":"Baixa"},"geometry":{"type":"Point","coordinates":[-39.8115,-14.964]}},{"type":"Feature","id":"2928059","properties":{"codigo_ibge":"2928059","CD_MUN":"2928059","name":"SANTA LUZIA","uf":"BA","tipologia":"Média-Média"},"geometry":{"type":"Point","coordinates":[-39.3287,-15.4342]}},{"type":"Feature","id":"2928505","properties":{"codigo_ibge":"2928505","CD_MUN":"2928505","name":"SANTA TEREZINHA","uf":"BA","tipologia":"Média-Média"},"geometry":{"type":"Point","coordinates":[-39.5215,-12.7697]}},{"type":"Feature","id":"2928604","properties":{"codigo_ibge":"2928604","CD_MUN":"2928604","name":"SANTO AMARO","uf":"BA","tipologia":"Alta-Média"},"geometry":{"type":"Point","coordinates":[-38.7137,-12.5472]}},{"type":"Feature","id":"2929008","properties":{"codigo_ibge":"2929008","CD_MUN":"2929008","name":"SĂO FÉLIX","uf":"BA","tipologia":"Média-Média"},"geometry":{"type":"Point","coordinates":[-38.9727,-12.6104]}},{"type":"Feature","id":"2929107","properties":{"codigo_ibge":"2929107","CD_MUN":"2929107","name":"SĂO FELIPE","uf":"BA","tipologia":"Baixa"},"geometry":{"type":"Point","coordinates":[-39.0893,-12.8394]}},{"type":"Feature","id":"2929206","properties":{"codigo_ibge":"2929206","CD_MUN":"2929206","name":"SĂO FRANCISCO DO CONDE","uf":"BA","tipologia":"Alta-Baixa"},"geometry":{"type":"Point","coordinates":[-38.6786,-12.6183]}},{"type":"Feature","id":"2929354","properties":{"codigo_ibge":"2929354","CD_MUN":"2929354","name":"SĂO JOSÉ DA VITÓRIA","uf":"BA","tipologia":"Média-Média"},"geometry":{"type":"Point","coordinates":[-39.3437,-15.0787]}},{"type":"Feature","id":"2929503","properties":{"codigo_ibge":"2929503","CD_MUN":"2929503","name":"SĂO SEBASTIĂO DO PASSÉ","uf":"BA","tipologia":"Baixa"},"geometry":{"type":"Point","coordinates":[-38.4905,-12.5123]}},{"type":"Feature","id":"2929602","properties":{"codigo_ibge":"2929602","CD_MUN":"2929602","name":"SAPEAÇU","uf":"BA","tipologia":"Baixa"},"geometry":{"type":"Point","coordinates":[-39.1824,-12.7208]}},{"type":"Feature","id":"2929701","properties":{"codigo_ibge":"2929701","CD_MUN":"2929701","name":"SÁTIRO DIAS","uf":"BA","tipologia":"Baixa"},"geometry":{"type":"Point","coordinates":[-38.5938,-11.5929]}},{"type":"Feature","id":"2929750","properties":{"codigo_ibge":"2929750","CD_MUN":"2929750","name":"SAUBARA","uf":"BA","tipologia":"Alta-Média"},"geometry":{"type":"Point","coordinates":[-38.7625,-12.7387]}},{"type":"Feature","id":"2930709","properties":{"codigo_ibge":"2930709","CD_MUN":"2930709","name":"SIMŐES FILHO","uf":"BA","tipologia":"Média-Média"},"geometry":{"type":"Point","coordinates":[-38.4029,-12.7866]}},{"type":"Feature","id":"2931202","properties":{"codigo_ibge":"2931202","CD_MUN":"2931202","name":"TAPEROÁ","uf":"BA","tipologia":"Alta-Média"},"geometry":{"type":"Point","coordinates":[-39.1009,-13.5321]}},{"type":"Feature","id":"2931350","properties":{"codigo_ibge":"2931350","CD_MUN":"2931350","name":"TEIXEIRA DE FREITAS","uf":"BA","tipologia":"Baixa"},"geometry":{"type":"Point","coordinates":[-39.74,-17.5399]}},{"type":"Feature","id":"2931400","properties":{"codigo_ibge":"2931400","CD_MUN":"2931400","name":"TEODORO SAMPAIO","uf":"BA","tipologia":"Baixa"},"geometry":{"type":"Point","coordinates":[-38.6347,-12.295]}},{"type":"Feature","id":"2931707","properties":{"codigo_ibge":"2931707","CD_MUN":"2931707","name":"TERRA NOVA","uf":"BA","tipologia":"Média-Baixa"},"geometry":{"type":"Point","coordinates":[-38.6238,-12.3888]}},{"type":"Feature","id":"2932200","properties":{"codigo_ibge":"2932200","CD_MUN":"2932200","name":"UBAITABA","uf":"BA","tipologia":"Média-Média"},"geometry":{"type":"Point","coordinates":[-39.3222,-14.303]}},{"type":"Feature","id":"2932507","properties":{"codigo_ibge":"2932507","CD_MUN":"2932507","name":"UNA","uf":"BA","tipologia":"Média-Alta"},"geometry":{"type":"Point","coordinates":[-39.0765,-15.2791]}},{"type":"Feature","id":"2932705","properties":{"codigo_ibge":"2932705","CD_MUN":"2932705","name":"URUÇUCA","uf":"BA","tipologia":"Baixa"},"geometry":{"type":"Point","coordinates":[-39.2851,-14.5963]}},{"type":"Feature","id":"2932903","properties":{"codigo_ibge":"2932903","CD_MUN":"2932903","name":"VALENÇA","uf":"BA","tipologia":"Média-Alta"},"geometry":{"type":"Point","coordinates":[-39.073,-13.3669]}},{"type":"Feature","id":"2933208","properties":{"codigo_ibge":"2933208","CD_MUN":"2933208","name":"VERA CRUZ","uf":"BA","tipologia":"Média-Média"},"geometry":{"type":"Point","coordinates":[-38.6153,-12.9568]}},{"type":"Feature","id":"2933257","properties":{"codigo_ibge":"2933257","CD_MUN":"2933257","name":"VEREDA","uf":"BA","tipologia":"Baixa"},"geometry":{"type":"Point","coordinates":[-40.0974,-17.2183]}},{"type":"Feature","id":"3200300","properties":{"codigo_ibge":"3200300","CD_MUN":"3200300","name":"ALFREDO CHAVES","uf":"ES","tipologia":"Baixa"},"geometry":{"type":"Point","coordinates":[-40.7543,-20.6396]}},{"type":"Feature","id":"3200409","properties":{"codigo_ibge":"3200409","CD_MUN":"3200409","name":"ANCHIETA","uf":"ES","tipologia":"Média-Alta"},"geometry":{"type":"Point","coordinates":[-40.6425,-20.7955]}},{"type":"Feature","id":"3200607","properties":{"codigo_ibge":"3200607","CD_MUN":"3200607","name":"ARACRUZ","uf":"ES","tipologia":"Média-Média"},"geometry":{"type":"Point","coordinates":[-40.2764,-19.82]}},{"type":"Feature","id":"3200706","properties":{"codigo_ibge":"3200706","CD_MUN":"3200706","name":"ATÍLIO VIVACQUA","uf":"ES","tipologia":"Baixa"},"geometry":{"type":"Point","coordinates":[-41.1986,-20.913]}},{"type":"Feature","id":"3201001","properties":{"codigo_ibge":"3201001","CD_MUN":"3201001","name":"BOA ESPERANÇA","uf":"ES","tipologia":"Média-Média"},"geometry":{"type":"Point","coordinates":[-40.3025,-18.5395]}},{"type":"Feature","id":"3201209","properties":{"codigo_ibge":"3201209","CD_MUN":"3201209","name":"CACHOEIRO DE ITAPEMIRIM","uf":"ES","tipologia":"Média-Média"},"geometry":{"type":"Point","coordinates":[-41.1198,-20.8462]}},{"type":"Feature","id":"3201308","properties":{"codigo_ibge":"3201308","CD_MUN":"3201308","name":"CARIACICA","uf":"ES","tipologia":"Média-Média"},"geometry":{"type":"Point","coordinates":[-40.4165,-20.2632]}},{"type":"Feature","id":"3201407","properties":{"codigo_ibge":"3201407","CD_MUN":"3201407","name":"CASTELO","uf":"ES","tipologia":"Baixa"},"geometry":{"type":"Point","coordinates":[-41.2031,-20.6033]}},{"type":"Feature","id":"3201605","properties":{"codigo_ibge":"3201605","CD_MUN":"3201605","name":"CONCEIÇĂO DA BARRA","uf":"ES","tipologia":"Alta-Alta"},"geometry":{"type":"Point","coordinates":[-39.7362,-18.5883]}},{"type":"Feature","id":"3202207","properties":{"codigo_ibge":"3202207","CD_MUN":"3202207","name":"FUNDĂO","uf":"ES","tipologia":"Baixa"},"geometry":{"type":"Point","coordinates":[-40.4078,-19.937]}},{"type":"Feature","id":"3202405","properties":{"codigo_ibge":"3202405","CD_MUN":"3202405","name":"GUARAPARI","uf":"ES","tipologia":"Média-Alta"},"geometry":{"type":"Point","coordinates":[-40.5093,-20.6772]}},{"type":"Feature","id":"3202504","properties":{"codigo_ibge":"3202504","CD_MUN":"3202504","name":"IBIRAÇU","uf":"ES","tipologia":"Média-Alta"},"geometry":{"type":"Point","coordinates":[-40.3732,-19.8366]}},{"type":"Feature","id":"3202603","properties":{"codigo_ibge":"3202603","CD_MUN":"3202603","name":"ICONHA","uf":"ES","tipologia":"Média-Baixa"},"geometry":{"type":"Point","coordinates":[-40.8132,-20.7913]}},{"type":"Feature","id":"3202801","properties":{"codigo_ibge":"3202801","CD_MUN":"3202801","name":"ITAPEMIRIM","uf":"ES","tipologia":"Média-Média"},"geometry":{"type":"Point","coordinates":[-40.8307,-21.0095]}},{"type":"Feature","id":"3203056","properties":{"codigo_ibge":"3203056","CD_MUN":"3203056","name":"JAGUARÉ","uf":"ES","tipologia":"Média-Média"},"geometry":{"type":"Point","coordinates":[-40.0759,-18.907]}},{"type":"Feature","id":"3203106","properties":{"codigo_ibge":"3203106","CD_MUN":"3203106","name":"JERÔNIMO MONTEIRO","uf":"ES","tipologia":"Média-Média"},"geometry":{"type":"Point","coordinates":[-41.3948,-20.7994]}},{"type":"Feature","id":"3203130","properties":{"codigo_ibge":"3203130","CD_MUN":"3203130","name":"JOĂO NEIVA","uf":"ES","tipologia":"Baixa"},"geometry":{"type":"Point","coordinates":[-40.386,-19.7577]}},{"type":"Feature","id":"3203205","properties":{"codigo_ibge":"3203205","CD_MUN":"3203205","name":"LINHARES","uf":"ES","tipologia":"Média-Média"},"geometry":{"type":"Point","coordinates":[-40.0643,-19.3946]}},{"type":"Feature","id":"3203320","properties":{"codigo_ibge":"3203320","CD_MUN":"3203320","name":"MARATAÍZES","uf":"ES","tipologia":"Média-Alta"},"geometry":{"type":"Point","coordinates":[-40.8384,-21.0398]}},{"type":"Feature","id":"3203403","properties":{"codigo_ibge":"3203403","CD_MUN":"3203403","name":"MIMOSO DO SUL","uf":"ES","tipologia":"Baixa"},"geometry":{"type":"Point","coordinates":[-41.3615,-21.0628]}},{"type":"Feature","id":"3203502","properties":{"codigo_ibge":"3203502","CD_MUN":"3203502","name":"MONTANHA","uf":"ES","tipologia":"Baixa"},"geometry":{"type":"Point","coordinates":[-40.3668,-18.1303]}},{"type":"Feature","id":"3203601","properties":{"codigo_ibge":"3203601","CD_MUN":"3203601","name":"MUCURICI","uf":"ES","tipologia":"Baixa"},"geometry":{"type":"Point","coordinates":[-40.52,-18.0965]}},{"type":"Feature","id":"3203809","properties":{"codigo_ibge":"3203809","CD_MUN":"3203809","name":"MUQUI","uf":"ES","tipologia":"Baixa"},"geometry":{"type":"Point","coordinates":[-41.346,-20.9509]}},{"type":"Feature","id":"3204054","properties":{"codigo_ibge":"3204054","CD_MUN":"3204054","name":"PEDRO CANÁRIO","uf":"ES","tipologia":"Baixa"},"geometry":{"type":"Point","coordinates":[-39.9574,-18.3004]}},{"type":"Feature","id":"3204104","properties":{"codigo_ibge":"3204104","CD_MUN":"3204104","name":"PINHEIROS","uf":"ES","tipologia":"Baixa"},"geometry":{"type":"Point","coordinates":[-40.2171,-18.4141]}},{"type":"Feature","id":"3204203","properties":{"codigo_ibge":"3204203","CD_MUN":"3204203","name":"PIÚMA","uf":"ES","tipologia":"Média-Alta"},"geometry":{"type":"Point","coordinates":[-40.7268,-20.8334]}},{"type":"Feature","id":"3204252","properties":{"codigo_ibge":"3204252","CD_MUN":"3204252","name":"PONTO BELO","uf":"ES","tipologia":"Baixa"},"geometry":{"type":"Point","coordinates":[-40.5458,-18.1253]}},{"type":"Feature","id":"3204302","properties":{"codigo_ibge":"3204302","CD_MUN":"3204302","name":"PRESIDENTE KENNEDY","uf":"ES","tipologia":"Média-Média"},"geometry":{"type":"Point","coordinates":[-41.0468,-21.0964]}},{"type":"Feature","id":"3204351","properties":{"codigo_ibge":"3204351","CD_MUN":"3204351","name":"RIO BANANAL","uf":"ES","tipologia":"Baixa"},"geometry":{"type":"Point","coordinates":[-40.3366,-19.2719]}},{"type":"Feature","id":"3204401","properties":{"codigo_ibge":"3204401","CD_MUN":"3204401","name":"RIO NOVO DO SUL","uf":"ES","tipologia":"Baixa"},"geometry":{"type":"Point","coordinates":[-40.9388,-20.8556]}},{"type":"Feature","id":"3204906","properties":{"codigo_ibge":"3204906","CD_MUN":"3204906","name":"SĂO MATEUS","uf":"ES","tipologia":"Média-Média"},"geometry":{"type":"Point","coordinates":[-39.8579,-18.7214]}},{"type":"Feature","id":"3205002","properties":{"codigo_ibge":"3205002","CD_MUN":"3205002","name":"SERRA","uf":"ES","tipologia":"Média-Média"},"geometry":{"type":"Point","coordinates":[-40.3074,-20.121]}},{"type":"Feature","id":"3205010","properties":{"codigo_ibge":"3205010","CD_MUN":"3205010","name":"SOORETAMA","uf":"ES","tipologia":"Média-Média"},"geometry":{"type":"Point","coordinates":[-40.0974,-19.1897]}},{"type":"Feature","id":"3205036","properties":{"codigo_ibge":"3205036","CD_MUN":"3205036","name":"VARGEM ALTA","uf":"ES","tipologia":"Média-Média"},"geometry":{"type":"Point","coordinates":[-41.0179,-20.669]}},{"type":"Feature","id":"3205101","properties":{"codigo_ibge":"3205101","CD_MUN":"3205101","name":"VIANA","uf":"ES","tipologia":"Baixa"},"geometry":{"type":"Point","coordinates":[-40.4933,-20.3825]}},{"type":"Feature","id":"3205200","properties":{"codigo_ibge":"3205200","CD_MUN":"3205200","name":"VILA VELHA","uf":"ES","tipologia":"Baixa"},"geometry":{"type":"Point","coordinates":[-40.2875,-20.3417]}},{"type":"Feature","id":"3205309","properties":{"codigo_ibge":"3205309","CD_MUN":"3205309","name":"VITÓRIA","uf":"ES","tipologia":"Média-Média"},"geometry":{"type":"Point","coordinates":[-40.3128,-20.3155]}},{"type":"Feature","id":"3300100","properties":{"codigo_ibge":"3300100","CD_MUN":"3300100","name":"ANGRA DOS REIS","uf":"RJ","tipologia":"Média-Alta"},"geometry":{"type":"Point","coordinates":[-44.3196,-23.0011]}},{"type":"Feature","id":"3300209","properties":{"codigo_ibge":"3300209","CD_MUN":"3300209","name":"ARARUAMA","uf":"RJ","tipologia":"Média-Média"},"geometry":{"type":"Point","coordinates":[-42.3326,-22.8697]}},{"type":"Feature","id":"3300233","properties":{"codigo_ibge":"3300233","CD_MUN":"3300233","name":"ARMAÇĂO DOS BÚZIOS","uf":"RJ","tipologia":"Média-Alta"},"geometry":{"type":"Point","coordinates":[-41.8846,-22.7528]}},{"type":"Feature","id":"3300258","properties":{"codigo_ibge":"3300258","CD_MUN":"3300258","name":"ARRAIAL DO CABO","uf":"RJ","tipologia":"Média-Alta"},"geometry":{"type":"Point","coordinates":[-42.0267,-22.9774]}},{"type":"Feature","id":"3300456","properties":{"codigo_ibge":"3300456","CD_MUN":"3300456","name":"BELFORD ROXO","uf":"RJ","tipologia":"Baixa"},"geometry":{"type":"Point","coordinates":[-43.3992,-22.764]}},{"type":"Feature","id":"3300704","properties":{"codigo_ibge":"3300704","CD_MUN":"3300704","name":"CABO FRIO","uf":"RJ","tipologia":"Média-Alta"},"geometry":{"type":"Point","coordinates":[-42.0286,-22.8894]}},{"type":"Feature","id":"3300936","properties":{"codigo_ibge":"3300936","CD_MUN":"3300936","name":"CARAPEBUS","uf":"RJ","tipologia":"Baixa"},"geometry":{"type":"Point","coordinates":[-41.663,-22.1821]}},{"type":"Feature","id":"3301009","properties":{"codigo_ibge":"3301009","CD_MUN":"3301009","name":"CAMPOS DOS GOYTACAZES","uf":"RJ","tipologia":"Média-Média"},"geometry":{"type":"Point","coordinates":[-41.3181,-21.7622]}},{"type":"Feature","id":"3301157","properties":{"codigo_ibge":"3301157","CD_MUN":"3301157","name":"CARDOSO MOREIRA","uf":"RJ","tipologia":"Média-Média"},"geometry":{"type":"Point","coordinates":[-41.6165,-21.4846]}},{"type":"Feature","id":"3301306","properties":{"codigo_ibge":"3301306","CD_MUN":"3301306","name":"CASIMIRO DE ABREU","uf":"RJ","tipologia":"Baixa"},"geometry":{"type":"Point","coordinates":[-42.2066,-22.4812]}},{"type":"Feature","id":"3301405","properties":{"codigo_ibge":"3301405","CD_MUN":"3301405","name":"CONCEIÇĂO DE MACABU","uf":"RJ","tipologia":"Baixa"},"geometry":{"type":"Point","coordinates":[-41.8719,-22.0834]}},{"type":"Feature","id":"3301702","properties":{"codigo_ibge":"3301702","CD_MUN":"3301702","name":"DUQUE DE CAXIAS","uf":"RJ","tipologia":"Baixa"},"geometry":{"type":"Point","coordinates":[-43.3049,-22.7858]}},{"type":"Feature","id":"3301850","properties":{"codigo_ibge":"3301850","CD_MUN":"3301850","name":"GUAPIMIRIM","uf":"RJ","tipologia":"Baixa"},"geometry":{"type":"Point","coordinates":[-42.9895,-22.5347]}},{"type":"Feature","id":"3301876","properties":{"codigo_ibge":"3301876","CD_MUN":"3301876","name":"IGUABA GRANDE","uf":"RJ","tipologia":"Média-Média"},"geometry":{"type":"Point","coordinates":[-42.2299,-22.8495]}},{"type":"Feature","id":"3301900","properties":{"codigo_ibge":"3301900","CD_MUN":"3301900","name":"ITABORAÍ","uf":"RJ","tipologia":"Baixa"},"geometry":{"type":"Point","coordinates":[-42.8639,-22.7565]}},{"type":"Feature","id":"3302007","properties":{"codigo_ibge":"3302007","CD_MUN":"3302007","name":"ITAGUAÍ","uf":"RJ","tipologia":"Baixa"},"geometry":{"type":"Point","coordinates":[-43.7798,-22.8636]}},{"type":"Feature","id":"3302056","properties":{"codigo_ibge":"3302056","CD_MUN":"3302056","name":"ITALVA","uf":"RJ","tipologia":"Média-Média"},"geometry":{"type":"Point","coordinates":[-41.7014,-21.4296]}},{"type":"Feature","id":"3302403","properties":{"codigo_ibge":"3302403","CD_MUN":"3302403","name":"MACAÉ","uf":"RJ","tipologia":"Média-Média"},"geometry":{"type":"Point","coordinates":[-41.7848,-22.3768]}},{"type":"Feature","id":"3302502","properties":{"codigo_ibge":"3302502","CD_MUN":"3302502","name":"MAGÉ","uf":"RJ","tipologia":"Média-Média"},"geometry":{"type":"Point","coordinates":[-43.0315,-22.6632]}},{"type":"Feature","id":"3302601","properties":{"codigo_ibge":"3302601","CD_MUN":"3302601","name":"MANGARATIBA","uf":"RJ","tipologia":"Média-Alta"},"geometry":{"type":"Point","coordinates":[-44.0409,-22.9594]}},{"type":"Feature","id":"3302700","properties":{"codigo_ibge":"3302700","CD_MUN":"3302700","name":"MARICÁ","uf":"RJ","tipologia":"Média-Média"},"geometry":{"type":"Point","coordinates":[-42.8246,-22.9354]}},{"type":"Feature","id":"3302858","properties":{"codigo_ibge":"3302858","CD_MUN":"3302858","name":"MESQUITA","uf":"RJ","tipologia":"Baixa"},"geometry":{"type":"Point","coordinates":[-43.4601,-22.8028]}},{"type":"Feature","id":"3302908","properties":{"codigo_ibge":"3302908","CD_MUN":"3302908","name":"MIGUEL PEREIRA","uf":"RJ","tipologia":"Baixa"},"geometry":{"type":"Point","coordinates":[-43.4803,-22.4572]}},{"type":"Feature","id":"3303203","properties":{"codigo_ibge":"3303203","CD_MUN":"3303203","name":"NILÓPOLIS","uf":"RJ","tipologia":"Baixa"},"geometry":{"type":"Point","coordinates":[-43.4233,-22.8057]}},{"type":"Feature","id":"3303302","properties":{"codigo_ibge":"3303302","CD_MUN":"3303302","name":"NITERÓI","uf":"RJ","tipologia":"Média-Média"},"geometry":{"type":"Point","coordinates":[-43.1034,-22.8832]}},{"type":"Feature","id":"3303500","properties":{"codigo_ibge":"3303500","CD_MUN":"3303500","name":"NOVA IGUAÇU","uf":"RJ","tipologia":"Baixa"},"geometry":{"type":"Point","coordinates":[-43.4603,-22.7556]}},{"type":"Feature","id":"3303807","properties":{"codigo_ibge":"3303807","CD_MUN":"3303807","name":"PARATY","uf":"RJ","tipologia":"Média-Alta"},"geometry":{"type":"Point","coordinates":[-44.7175,-23.2221]}},{"type":"Feature","id":"3303856","properties":{"codigo_ibge":"3303856","CD_MUN":"3303856","name":"PATY DO ALFERES","uf":"RJ","tipologia":"Baixa"},"geometry":{"type":"Point","coordinates":[-43.4285,-22.4309]}},{"type":"Feature","id":"3304151","properties":{"codigo_ibge":"3304151","CD_MUN":"3304151","name":"QUISSAMĂ","uf":"RJ","tipologia":"Média-Alta"},"geometry":{"type":"Point","coordinates":[-41.4693,-22.1031]}},{"type":"Feature","id":"3304508","properties":{"codigo_ibge":"3304508","CD_MUN":"3304508","name":"RIO DAS FLORES","uf":"RJ","tipologia":"Baixa"},"geometry":{"type":"Point","coordinates":[-43.5856,-22.1692]}},{"type":"Feature","id":"3304524","properties":{"codigo_ibge":"3304524","CD_MUN":"3304524","name":"RIO DAS OSTRAS","uf":"RJ","tipologia":"Baixa"},"geometry":{"type":"Point","coordinates":[-41.9475,-22.5174]}},{"type":"Feature","id":"3304557","properties":{"codigo_ibge":"3304557","CD_MUN":"3304557","name":"RIO DE JANEIRO","uf":"RJ","tipologia":"Baixa"},"geometry":{"type":"Point","coordinates":[-43.2003,-22.9129]}},{"type":"Feature","id":"3304755","properties":{"codigo_ibge":"3304755","CD_MUN":"3304755","name":"SĂO FRANCISCO DE ITABAPOANA","uf":"RJ","tipologia":"Média-Média"},"geometry":{"type":"Point","coordinates":[-41.1091,-21.4702]}},{"type":"Feature","id":"3304805","properties":{"codigo_ibge":"3304805","CD_MUN":"3304805","name":"SĂO FIDÉLIS","uf":"RJ","tipologia":"Média-Média"},"geometry":{"type":"Point","coordinates":[-41.756,-21.6551]}},{"type":"Feature","id":"3304904","properties":{"codigo_ibge":"3304904","CD_MUN":"3304904","name":"SĂO GONÇALO","uf":"RJ","tipologia":"Baixa"},"geometry":{"type":"Point","coordinates":[-43.0634,-22.8268]}},{"type":"Feature","id":"3305000","properties":{"codigo_ibge":"3305000","CD_MUN":"3305000","name":"SĂO JOĂO DA BARRA","uf":"RJ","tipologia":"Média-Média"},"geometry":{"type":"Point","coordinates":[-41.0446,-21.638]}},{"type":"Feature","id":"3305109","properties":{"codigo_ibge":"3305109","CD_MUN":"3305109","name":"SĂO JOĂO DE MERITI","uf":"RJ","tipologia":"Baixa"},"geometry":{"type":"Point","coordinates":[-43.3729,-22.8058]}},{"type":"Feature","id":"3305208","properties":{"codigo_ibge":"3305208","CD_MUN":"3305208","name":"SĂO PEDRO DA ALDEIA","uf":"RJ","tipologia":"Média-Média"},"geometry":{"type":"Point","coordinates":[-42.1026,-22.8429]}},{"type":"Feature","id":"3305505","properties":{"codigo_ibge":"3305505","CD_MUN":"3305505","name":"SAQUAREMA","uf":"RJ","tipologia":"Baixa"},"geometry":{"type":"Point","coordinates":[-42.5099,-22.9292]}},{"type":"Feature","id":"3305554","properties":{"codigo_ibge":"3305554","CD_MUN":"3305554","name":"SEROPÉDICA","uf":"RJ","tipologia":"Baixa"},"geometry":{"type":"Point","coordinates":[-43.7155,-22.7526]}},{"type":"Feature","id":"3306107","properties":{"codigo_ibge":"3306107","CD_MUN":"3306107","name":"VALENÇA","uf":"RJ","tipologia":"Média-Alta"},"geometry":{"type":"Point","coordinates":[-43.7129,-22.2445]}},{"type":"Feature","id":"3306206","properties":{"codigo_ibge":"3306206","CD_MUN":"3306206","name":"VASSOURAS","uf":"RJ","tipologia":"Baixa"},"geometry":{"type":"Point","coordinates":[-43.6686,-22.4059]}},{"type":"Feature","id":"3505401","properties":{"codigo_ibge":"3505401","CD_MUN":"3505401","name":"BARRA DO TURVO","uf":"SP","tipologia":"Média-Média"},"geometry":{"type":"Point","coordinates":[-48.5013,-24.759]}},{"type":"Feature","id":"3506359","properties":{"codigo_ibge":"3506359","CD_MUN":"3506359","name":"BERTIOGA","uf":"SP","tipologia":"Média-Alta"},"geometry":{"type":"Point","coordinates":[-46.1396,-23.8486]}},{"type":"Feature","id":"3509254","properties":{"codigo_ibge":"3509254","CD_MUN":"3509254","name":"CAJATI","uf":"SP","tipologia":"Média-Média"},"geometry":{"type":"Point","coordinates":[-48.1223,-24.7324]}},{"type":"Feature","id":"3509908","properties":{"codigo_ibge":"3509908","CD_MUN":"3509908","name":"CANANÉIA","uf":"SP","tipologia":"Alta-Alta"},"geometry":{"type":"Point","coordinates":[-47.9341,-25.0144]}},{"type":"Feature","id":"3510500","properties":{"codigo_ibge":"3510500","CD_MUN":"3510500","name":"CARAGUATATUBA","uf":"SP","tipologia":"Baixa"},"geometry":{"type":"Point","coordinates":[-45.4125,-23.6125]}},{"type":"Feature","id":"3513504","properties":{"codigo_ibge":"3513504","CD_MUN":"3513504","name":"CUBATĂO","uf":"SP","tipologia":"Baixa"},"geometry":{"type":"Point","coordinates":[-46.424,-23.8911]}},{"type":"Feature","id":"3514809","properties":{"codigo_ibge":"3514809","CD_MUN":"3514809","name":"ELDORADO","uf":"SP","tipologia":"Alta-Média"},"geometry":{"type":"Point","coordinates":[-48.1141,-24.5281]}},{"type":"Feature","id":"3518701","properties":{"codigo_ibge":"3518701","CD_MUN":"3518701","name":"GUARUJÁ","uf":"SP","tipologia":"Baixa"},"geometry":{"type":"Point","coordinates":[-46.258,-23.9888]}},{"type":"Feature","id":"3520301","properties":{"codigo_ibge":"3520301","CD_MUN":"3520301","name":"IGUAPE","uf":"SP","tipologia":"Média-Alta"},"geometry":{"type":"Point","coordinates":[-47.5537,-24.699]}},{"type":"Feature","id":"3520400","properties":{"codigo_ibge":"3520400","CD_MUN":"3520400","name":"ILHABELA","uf":"SP","tipologia":"Média-Alta"},"geometry":{"type":"Point","coordinates":[-45.3552,-23.7785]}},{"type":"Feature","id":"3520426","properties":{"codigo_ibge":"3520426","CD_MUN":"3520426","name":"ILHA COMPRIDA","uf":"SP","tipologia":"Média-Alta"},"geometry":{"type":"Point","coordinates":[-47.5383,-24.7307]}},{"type":"Feature","id":"3521200","properties":{"codigo_ibge":"3521200","CD_MUN":"3521200","name":"IPORANGA","uf":"SP","tipologia":"Alta-Alta"},"geometry":{"type":"Point","coordinates":[-48.5971,-24.5847]}},{"type":"Feature","id":"3522109","properties":{"codigo_ibge":"3522109","CD_MUN":"3522109","name":"ITANHAÉM","uf":"SP","tipologia":"Média-Alta"},"geometry":{"type":"Point","coordinates":[-46.788,-24.1736]}},{"type":"Feature","id":"3523305","properties":{"codigo_ibge":"3523305","CD_MUN":"3523305","name":"ITARIRI","uf":"SP","tipologia":"Média-Média"},"geometry":{"type":"Point","coordinates":[-47.1736,-24.2834]}},{"type":"Feature","id":"3524600","properties":{"codigo_ibge":"3524600","CD_MUN":"3524600","name":"JACUPIRANGA","uf":"SP","tipologia":"Média-Média"},"geometry":{"type":"Point","coordinates":[-48.0064,-24.6963]}},{"type":"Feature","id":"3526100","properties":{"codigo_ibge":"3526100","CD_MUN":"3526100","name":"JUQUIÁ","uf":"SP","tipologia":"Baixa"},"geometry":{"type":"Point","coordinates":[-47.6426,-24.3101]}},{"type":"Feature","id":"3529906","properties":{"codigo_ibge":"3529906","CD_MUN":"3529906","name":"MIRACATU","uf":"SP","tipologia":"Média-Alta"},"geometry":{"type":"Point","coordinates":[-47.4625,-24.2766]}},{"type":"Feature","id":"3531100","properties":{"codigo_ibge":"3531100","CD_MUN":"3531100","name":"MONGAGUÁ","uf":"SP","tipologia":"Média-Média"},"geometry":{"type":"Point","coordinates":[-46.6265,-24.0809]}},{"type":"Feature","id":"3536208","properties":{"codigo_ibge":"3536208","CD_MUN":"3536208","name":"PARIQUERA-AÇU","uf":"SP","tipologia":"Média-Alta"},"geometry":{"type":"Point","coordinates":[-47.8742,-24.7147]}},{"type":"Feature","id":"3537206","properties":{"codigo_ibge":"3537206","CD_MUN":"3537206","name":"PEDRO DE TOLEDO","uf":"SP","tipologia":"Baixa"},"geometry":{"type":"Point","coordinates":[-47.2354,-24.2764]}},{"type":"Feature","id":"3537602","properties":{"codigo_ibge":"3537602","CD_MUN":"3537602","name":"PERUÍBE","uf":"SP","tipologia":"Média-Alta"},"geometry":{"type":"Point","coordinates":[-47.0012,-24.312]}},{"type":"Feature","id":"3541000","properties":{"codigo_ibge":"3541000","CD_MUN":"3541000","name":"PRAIA GRANDE","uf":"SP","tipologia":"Média-Alta"},"geometry":{"type":"Point","coordinates":[-46.4121,-24.0084]}},{"type":"Feature","id":"3542602","properties":{"codigo_ibge":"3542602","CD_MUN":"3542602","name":"REGISTRO","uf":"SP","tipologia":"Média-Média"},"geometry":{"type":"Point","coordinates":[-47.8449,-24.4979]}},{"type":"Feature","id":"3548500","properties":{"codigo_ibge":"3548500","CD_MUN":"3548500","name":"SANTOS","uf":"SP","tipologia":"Baixa"},"geometry":{"type":"Point","coordinates":[-46.335,-23.9535]}},{"type":"Feature","id":"3550704","properties":{"codigo_ibge":"3550704","CD_MUN":"3550704","name":"SĂO SEBASTIĂO","uf":"SP","tipologia":"Média-Alta"},"geometry":{"type":"Point","coordinates":[-45.4143,-23.7951]}},{"type":"Feature","id":"3551009","properties":{"codigo_ibge":"3551009","CD_MUN":"3551009","name":"SĂO VICENTE","uf":"SP","tipologia":"Baixa"},"geometry":{"type":"Point","coordinates":[-46.3883,-23.9574]}},{"type":"Feature","id":"3551801","properties":{"codigo_ibge":"3551801","CD_MUN":"3551801","name":"SETE BARRAS","uf":"SP","tipologia":"Média-Média"},"geometry":{"type":"Point","coordinates":[-47.9279,-24.382]}},{"type":"Feature","id":"3555406","properties":{"codigo_ibge":"3555406","CD_MUN":"3555406","name":"UBATUBA","uf":"SP","tipologia":"Média-Alta"},"geometry":{"type":"Point","coordinates":[-45.0834,-23.4332]}},{"type":"Feature","id":"4101200","properties":{"codigo_ibge":"4101200","CD_MUN":"4101200","name":"ANTONINA","uf":"PR","tipologia":"Média-Alta"},"geometry":{"type":"Point","coordinates":[-48.7191,-25.4386]}},{"type":"Feature","id":"4109500","properties":{"codigo_ibge":"4109500","CD_MUN":"4109500","name":"GUARAQUEÇABA","uf":"PR","tipologia":"Alta-Alta"},"geometry":{"type":"Point","coordinates":[-48.3204,-25.3071]}},{"type":"Feature","id":"4109609","properties":{"codigo_ibge":"4109609","CD_MUN":"4109609","name":"GUARATUBA","uf":"PR","tipologia":"Média-Alta"},"geometry":{"type":"Point","coordinates":[-48.5752,-25.8817]}},{"type":"Feature","id":"4115705","properties":{"codigo_ibge":"4115705","CD_MUN":"4115705","name":"MATINHOS","uf":"PR","tipologia":"Média-Alta"},"geometry":{"type":"Point","coordinates":[-48.549,-25.8237]}},{"type":"Feature","id":"4116208","properties":{"codigo_ibge":"4116208","CD_MUN":"4116208","name":"MORRETES","uf":"PR","tipologia":"Média-Alta"},"geometry":{"type":"Point","coordinates":[-48.8345,-25.4744]}},{"type":"Feature","id":"4118204","properties":{"codigo_ibge":"4118204","CD_MUN":"4118204","name":"PARANAGUÁ","uf":"PR","tipologia":"Média-Média"},"geometry":{"type":"Point","coordinates":[-48.5225,-25.5161]}},{"type":"Feature","id":"4119954","properties":{"codigo_ibge":"4119954","CD_MUN":"4119954","name":"PONTAL DO PARANÁ","uf":"PR","tipologia":"Média-Alta"},"geometry":{"type":"Point","coordinates":[-48.5111,-25.6735]}},{"type":"Feature","id":"4201307","properties":{"codigo_ibge":"4201307","CD_MUN":"4201307","name":"ARAQUARI","uf":"SC","tipologia":"Média-Média"},"geometry":{"type":"Point","coordinates":[-48.7188,-26.3754]}},{"type":"Feature","id":"4201406","properties":{"codigo_ibge":"4201406","CD_MUN":"4201406","name":"ARARANGUÁ","uf":"SC","tipologia":"Média-Média"},"geometry":{"type":"Point","coordinates":[-49.4918,-28.9356]}},{"type":"Feature","id":"4201505","properties":{"codigo_ibge":"4201505","CD_MUN":"4201505","name":"ARMAZÉM","uf":"SC","tipologia":"Média-Média"},"geometry":{"type":"Point","coordinates":[-49.0215,-28.2448]}},{"type":"Feature","id":"4201950","properties":{"codigo_ibge":"4201950","CD_MUN":"4201950","name":"BALNEÁRIO ARROIO DO SILVA","uf":"SC","tipologia":"Média-Média"},"geometry":{"type":"Point","coordinates":[-49.4237,-28.9806]}},{"type":"Feature","id":"4202008","properties":{"codigo_ibge":"4202008","CD_MUN":"4202008","name":"BALNEÁRIO CAMBORIÚ","uf":"SC","tipologia":"Baixa"},"geometry":{"type":"Point","coordinates":[-48.6352,-26.9926]}},{"type":"Feature","id":"4202057","properties":{"codigo_ibge":"4202057","CD_MUN":"4202057","name":"BALNEÁRIO BARRA DO SUL","uf":"SC","tipologia":"Média-Alta"},"geometry":{"type":"Point","coordinates":[-48.6123,-26.4597]}},{"type":"Feature","id":"4202073","properties":{"codigo_ibge":"4202073","CD_MUN":"4202073","name":"BALNEÁRIO GAIVOTA","uf":"SC","tipologia":"Média-Média"},"geometry":{"type":"Point","coordinates":[-49.5841,-29.1527]}},{"type":"Feature","id":"4202107","properties":{"codigo_ibge":"4202107","CD_MUN":"4202107","name":"BARRA VELHA","uf":"SC","tipologia":"Média-Média"},"geometry":{"type":"Point","coordinates":[-48.6933,-26.637]}},{"type":"Feature","id":"4202305","properties":{"codigo_ibge":"4202305","CD_MUN":"4202305","name":"BIGUAÇU","uf":"SC","tipologia":"Média-Média"},"geometry":{"type":"Point","coordinates":[-48.6598,-27.496]}},{"type":"Feature","id":"4202453","properties":{"codigo_ibge":"4202453","CD_MUN":"4202453","name":"BOMBINHAS","uf":"SC","tipologia":"Média-Alta"},"geometry":{"type":"Point","coordinates":[-48.5146,-27.1382]}},{"type":"Feature","id":"4202800","properties":{"codigo_ibge":"4202800","CD_MUN":"4202800","name":"BRAÇO DO NORTE","uf":"SC","tipologia":"Baixa"},"geometry":{"type":"Point","coordinates":[-49.1701,-28.2681]}},{"type":"Feature","id":"4203204","properties":{"codigo_ibge":"4203204","CD_MUN":"4203204","name":"CAMBORIÚ","uf":"SC","tipologia":"Baixa"},"geometry":{"type":"Point","coordinates":[-48.6503,-27.0241]}},{"type":"Feature","id":"4203956","properties":{"codigo_ibge":"4203956","CD_MUN":"4203956","name":"CAPIVARI DE BAIXO","uf":"SC","tipologia":"Média-Baixa"},"geometry":{"type":"Point","coordinates":[-48.9631,-28.4498]}},{"type":"Feature","id":"4204251","properties":{"codigo_ibge":"4204251","CD_MUN":"4204251","name":"COCAL DO SUL","uf":"SC","tipologia":"Baixa"},"geometry":{"type":"Point","coordinates":[-49.3335,-28.5986]}},{"type":"Feature","id":"4204509","properties":{"codigo_ibge":"4204509","CD_MUN":"4204509","name":"CORUPÁ","uf":"SC","tipologia":"Baixa"},"geometry":{"type":"Point","coordinates":[-49.246,-26.4246]}},{"type":"Feature","id":"4204608","properties":{"codigo_ibge":"4204608","CD_MUN":"4204608","name":"CRICIÚMA","uf":"SC","tipologia":"Baixa"},"geometry":{"type":"Point","coordinates":[-49.3729,-28.6723]}},{"type":"Feature","id":"4205191","properties":{"codigo_ibge":"4205191","CD_MUN":"4205191","name":"ERMO","uf":"SC","tipologia":"Baixa"},"geometry":{"type":"Point","coordinates":[-49.643,-28.9869]}},{"type":"Feature","id":"4205407","properties":{"codigo_ibge":"4205407","CD_MUN":"4205407","name":"FLORIANÓPOLIS","uf":"SC","tipologia":"Média-Alta"},"geometry":{"type":"Point","coordinates":[-48.5477,-27.5945]}},{"type":"Feature","id":"4205456","properties":{"codigo_ibge":"4205456","CD_MUN":"4205456","name":"FORQUILHINHA","uf":"SC","tipologia":"Média-Baixa"},"geometry":{"type":"Point","coordinates":[-49.4785,-28.7454]}},{"type":"Feature","id":"4205704","properties":{"codigo_ibge":"4205704","CD_MUN":"4205704","name":"GAROPABA","uf":"SC","tipologia":"Alta-Alta"},"geometry":{"type":"Point","coordinates":[-48.6192,-28.0275]}},{"type":"Feature","id":"4205803","properties":{"codigo_ibge":"4205803","CD_MUN":"4205803","name":"GARUVA","uf":"SC","tipologia":"Média-Média"},"geometry":{"type":"Point","coordinates":[-48.852,-26.0292]}},{"type":"Feature","id":"4206009","properties":{"codigo_ibge":"4206009","CD_MUN":"4206009","name":"GOVERNADOR CELSO RAMOS","uf":"SC","tipologia":"Média-Alta"},"geometry":{"type":"Point","coordinates":[-48.5576,-27.3172]}},{"type":"Feature","id":"4206108","properties":{"codigo_ibge":"4206108","CD_MUN":"4206108","name":"GRĂO PARÁ","uf":"SC","tipologia":"Média-Baixa"},"geometry":{"type":"Point","coordinates":[-49.2252,-28.1809]}},{"type":"Feature","id":"4206207","properties":{"codigo_ibge":"4206207","CD_MUN":"4206207","name":"GRAVATAL","uf":"SC","tipologia":"Baixa"},"geometry":{"type":"Point","coordinates":[-49.0427,-28.3208]}},{"type":"Feature","id":"4206504","properties":{"codigo_ibge":"4206504","CD_MUN":"4206504","name":"GUARAMIRIM","uf":"SC","tipologia":"Baixa"},"geometry":{"type":"Point","coordinates":[-49.0026,-26.4688]}},{"type":"Feature","id":"4207007","properties":{"codigo_ibge":"4207007","CD_MUN":"4207007","name":"IÇARA","uf":"SC","tipologia":"Média-Média"},"geometry":{"type":"Point","coordinates":[-49.3087,-28.7132]}},{"type":"Feature","id":"4207205","properties":{"codigo_ibge":"4207205","CD_MUN":"4207205","name":"IMARUÍ","uf":"SC","tipologia":"Alta-Média"},"geometry":{"type":"Point","coordinates":[-48.817,-28.3339]}},{"type":"Feature","id":"4207304","properties":{"codigo_ibge":"4207304","CD_MUN":"4207304","name":"IMBITUBA","uf":"SC","tipologia":"Média-Alta"},"geometry":{"type":"Point","coordinates":[-48.6659,-28.2284]}},{"type":"Feature","id":"4208203","properties":{"codigo_ibge":"4208203","CD_MUN":"4208203","name":"ITAJAÍ","uf":"SC","tipologia":"Baixa"},"geometry":{"type":"Point","coordinates":[-48.6705,-26.9101]}},{"type":"Feature","id":"4208302","properties":{"codigo_ibge":"4208302","CD_MUN":"4208302","name":"ITAPEMA","uf":"SC","tipologia":"Baixa"},"geometry":{"type":"Point","coordinates":[-48.616,-27.0861]}},{"type":"Feature","id":"4208450","properties":{"codigo_ibge":"4208450","CD_MUN":"4208450","name":"ITAPOÁ","uf":"SC","tipologia":"Média-Média"},"geometry":{"type":"Point","coordinates":[-48.6182,-26.1158]}},{"type":"Feature","id":"4208708","properties":{"codigo_ibge":"4208708","CD_MUN":"4208708","name":"JACINTO MACHADO","uf":"SC","tipologia":"Média-Baixa"},"geometry":{"type":"Point","coordinates":[-49.7623,-28.9961]}},{"type":"Feature","id":"4208807","properties":{"codigo_ibge":"4208807","CD_MUN":"4208807","name":"JAGUARUNA","uf":"SC","tipologia":"Média-Média"},"geometry":{"type":"Point","coordinates":[-49.0296,-28.6146]}},{"type":"Feature","id":"4208906","properties":{"codigo_ibge":"4208906","CD_MUN":"4208906","name":"JARAGUÁ DO SUL","uf":"SC","tipologia":"Baixa"},"geometry":{"type":"Point","coordinates":[-49.0713,-26.4851]}},{"type":"Feature","id":"4209102","properties":{"codigo_ibge":"4209102","CD_MUN":"4209102","name":"JOINVILLE","uf":"SC","tipologia":"Média-Média"},"geometry":{"type":"Point","coordinates":[-48.8487,-26.3045]}},{"type":"Feature","id":"4209409","properties":{"codigo_ibge":"4209409","CD_MUN":"4209409","name":"LAGUNA","uf":"SC","tipologia":"Média-Alta"},"geometry":{"type":"Point","coordinates":[-48.7772,-28.4843]}},{"type":"Feature","id":"4209607","properties":{"codigo_ibge":"4209607","CD_MUN":"4209607","name":"LAURO MÜLLER","uf":"SC","tipologia":"Baixa"},"geometry":{"type":"Point","coordinates":[-49.4035,-28.3859]}},{"type":"Feature","id":"4210001","properties":{"codigo_ibge":"4210001","CD_MUN":"4210001","name":"LUIZ ALVES","uf":"SC","tipologia":"Baixa"},"geometry":{"type":"Point","coordinates":[-48.9322,-26.7151]}},{"type":"Feature","id":"4210407","properties":{"codigo_ibge":"4210407","CD_MUN":"4210407","name":"MARACAJÁ","uf":"SC","tipologia":"Baixa"},"geometry":{"type":"Point","coordinates":[-49.4605,-28.8463]}},{"type":"Feature","id":"4210605","properties":{"codigo_ibge":"4210605","CD_MUN":"4210605","name":"MASSARANDUBA","uf":"SC","tipologia":"Média-Média"},"geometry":{"type":"Point","coordinates":[-49.0054,-26.6109]}},{"type":"Feature","id":"4210803","properties":{"codigo_ibge":"4210803","CD_MUN":"4210803","name":"MELEIRO","uf":"SC","tipologia":"Baixa"},"geometry":{"type":"Point","coordinates":[-49.6378,-28.8244]}},{"type":"Feature","id":"4211207","properties":{"codigo_ibge":"4211207","CD_MUN":"4211207","name":"MORRO DA FUMAÇA","uf":"SC","tipologia":"Baixa"},"geometry":{"type":"Point","coordinates":[-49.2169,-28.6511]}},{"type":"Feature","id":"4211256","properties":{"codigo_ibge":"4211256","CD_MUN":"4211256","name":"MORRO GRANDE","uf":"SC","tipologia":"Baixa"},"geometry":{"type":"Point","coordinates":[-49.7214,-28.8006]}},{"type":"Feature","id":"4211306","properties":{"codigo_ibge":"4211306","CD_MUN":"4211306","name":"NAVEGANTES","uf":"SC","tipologia":"Baixa"},"geometry":{"type":"Point","coordinates":[-48.6546,-26.8943]}},{"type":"Feature","id":"4211603","properties":{"codigo_ibge":"4211603","CD_MUN":"4211603","name":"NOVA VENEZA","uf":"SC","tipologia":"Média-Baixa"},"geometry":{"type":"Point","coordinates":[-49.5055,-28.6338]}},{"type":"Feature","id":"4211702","properties":{"codigo_ibge":"4211702","CD_MUN":"4211702","name":"ORLEANS","uf":"SC","tipologia":"Baixa"},"geometry":{"type":"Point","coordinates":[-49.2986,-28.3487]}},{"type":"Feature","id":"4211900","properties":{"codigo_ibge":"4211900","CD_MUN":"4211900","name":"PALHOÇA","uf":"SC","tipologia":"Média-Média"},"geometry":{"type":"Point","coordinates":[-48.6697,-27.6455]}},{"type":"Feature","id":"4212254","properties":{"codigo_ibge":"4212254","CD_MUN":"4212254","name":"PASSO DE TORRES","uf":"SC","tipologia":"Média-Alta"},"geometry":{"type":"Point","coordinates":[-49.722,-29.3099]}},{"type":"Feature","id":"4212304","properties":{"codigo_ibge":"4212304","CD_MUN":"4212304","name":"PAULO LOPES","uf":"SC","tipologia":"Média-Alta"},"geometry":{"type":"Point","coordinates":[-48.6864,-27.9607]}},{"type":"Feature","id":"4212403","properties":{"codigo_ibge":"4212403","CD_MUN":"4212403","name":"PEDRAS GRANDES","uf":"SC","tipologia":"Baixa"},"geometry":{"type":"Point","coordinates":[-49.1949,-28.4339]}},{"type":"Feature","id":"4212502","properties":{"codigo_ibge":"4212502","CD_MUN":"4212502","name":"PENHA","uf":"SC","tipologia":"Média-Alta"},"geometry":{"type":"Point","coordinates":[-48.6465,-26.7754]}},{"type":"Feature","id":"4212650","properties":{"codigo_ibge":"4212650","CD_MUN":"4212650","name":"PESCARIA BRAVA","uf":"SC","tipologia":"Média-Alta"},"geometry":{"type":"Point","coordinates":[-48.8864,-28.3966]}},{"type":"Feature","id":"4212809","properties":{"codigo_ibge":"4212809","CD_MUN":"4212809","name":"BALNEÁRIO PIÇARRAS","uf":"SC","tipologia":"Média-Alta"},"geometry":{"type":"Point","coordinates":[-48.6717,-26.7639]}},{"type":"Feature","id":"4213500","properties":{"codigo_ibge":"4213500","CD_MUN":"4213500","name":"PORTO BELO","uf":"SC","tipologia":"Média-Alta"},"geometry":{"type":"Point","coordinates":[-48.5469,-27.1586]}},{"type":"Feature","id":"4213807","properties":{"codigo_ibge":"4213807","CD_MUN":"4213807","name":"PRAIA GRANDE","uf":"SC","tipologia":"Média-Alta"},"geometry":{"type":"Point","coordinates":[-49.9525,-29.1918]}},{"type":"Feature","id":"4214904","properties":{"codigo_ibge":"4214904","CD_MUN":"4214904","name":"RIO FORTUNA","uf":"SC","tipologia":"Baixa"},"geometry":{"type":"Point","coordinates":[-49.1068,-28.1244]}},{"type":"Feature","id":"4215455","properties":{"codigo_ibge":"4215455","CD_MUN":"4215455","name":"SANGĂO","uf":"SC","tipologia":"Baixa"},"geometry":{"type":"Point","coordinates":[-49.1322,-28.6326]}},{"type":"Feature","id":"4215604","properties":{"codigo_ibge":"4215604","CD_MUN":"4215604","name":"SANTA ROSA DE LIMA","uf":"SC","tipologia":"Média-Baixa"},"geometry":{"type":"Point","coordinates":[-49.133,-28.0331]}},{"type":"Feature","id":"4215653","properties":{"codigo_ibge":"4215653","CD_MUN":"4215653","name":"SANTA ROSA DO SUL","uf":"SC","tipologia":"Baixa"},"geometry":{"type":"Point","coordinates":[-49.7109,-29.1313]}},{"type":"Feature","id":"4216206","properties":{"codigo_ibge":"4216206","CD_MUN":"4216206","name":"SĂO FRANCISCO DO SUL","uf":"SC","tipologia":"Média-Média"},"geometry":{"type":"Point","coordinates":[-48.6344,-26.2579]}},{"type":"Feature","id":"4216354","properties":{"codigo_ibge":"4216354","CD_MUN":"4216354","name":"SĂO JOĂO DO ITAPERIÚ","uf":"SC","tipologia":"Média-Média"},"geometry":{"type":"Point","coordinates":[-48.7683,-26.6213]}},{"type":"Feature","id":"4216404","properties":{"codigo_ibge":"4216404","CD_MUN":"4216404","name":"SĂO JOĂO DO SUL","uf":"SC","tipologia":"Média-Média"},"geometry":{"type":"Point","coordinates":[-49.8094,-29.2154]}},{"type":"Feature","id":"4216602","properties":{"codigo_ibge":"4216602","CD_MUN":"4216602","name":"SĂO JOSÉ","uf":"SC","tipologia":"Média-Média"},"geometry":{"type":"Point","coordinates":[-48.6366,-27.6136]}},{"type":"Feature","id":"4217006","properties":{"codigo_ibge":"4217006","CD_MUN":"4217006","name":"SĂO LUDGERO","uf":"SC","tipologia":"Baixa"},"geometry":{"type":"Point","coordinates":[-49.1806,-28.3144]}},{"type":"Feature","id":"4217105","properties":{"codigo_ibge":"4217105","CD_MUN":"4217105","name":"SĂO MARTINHO","uf":"SC","tipologia":"Baixa"},"geometry":{"type":"Point","coordinates":[-48.9867,-28.1609]}},{"type":"Feature","id":"4217402","properties":{"codigo_ibge":"4217402","CD_MUN":"4217402","name":"SCHROEDER","uf":"SC","tipologia":"Baixa"},"geometry":{"type":"Point","coordinates":[-49.074,-26.4116]}},{"type":"Feature","id":"4217600","properties":{"codigo_ibge":"4217600","CD_MUN":"4217600","name":"SIDERÓPOLIS","uf":"SC","tipologia":"Baixa"},"geometry":{"type":"Point","coordinates":[-49.4314,-28.5955]}},{"type":"Feature","id":"4217709","properties":{"codigo_ibge":"4217709","CD_MUN":"4217709","name":"SOMBRIO","uf":"SC","tipologia":"Média-Média"},"geometry":{"type":"Point","coordinates":[-49.6328,-29.108]}},{"type":"Feature","id":"4218004","properties":{"codigo_ibge":"4218004","CD_MUN":"4218004","name":"TIJUCAS","uf":"SC","tipologia":"Baixa"},"geometry":{"type":"Point","coordinates":[-48.6322,-27.2354]}},{"type":"Feature","id":"4218103","properties":{"codigo_ibge":"4218103","CD_MUN":"4218103","name":"TIMBÉ DO SUL","uf":"SC","tipologia":"Média-Média"},"geometry":{"type":"Point","coordinates":[-49.842,-28.8287]}},{"type":"Feature","id":"4218350","properties":{"codigo_ibge":"4218350","CD_MUN":"4218350","name":"TREVISO","uf":"SC","tipologia":"Baixa"},"geometry":{"type":"Point","coordinates":[-49.4634,-28.5097]}},{"type":"Feature","id":"4218400","properties":{"codigo_ibge":"4218400","CD_MUN":"4218400","name":"TREZE DE MAIO","uf":"SC","tipologia":"Baixa"},"geometry":{"type":"Point","coordinates":[-49.1565,-28.5537]}},{"type":"Feature","id":"4218707","properties":{"codigo_ibge":"4218707","CD_MUN":"4218707","name":"TUBARĂO","uf":"SC","tipologia":"Baixa"},"geometry":{"type":"Point","coordinates":[-49.0144,-28.4713]}},{"type":"Feature","id":"4218806","properties":{"codigo_ibge":"4218806","CD_MUN":"4218806","name":"TURVO","uf":"SC","tipologia":"Baixa"},"geometry":{"type":"Point","coordinates":[-49.6831,-28.9272]}},{"type":"Feature","id":"4219002","properties":{"codigo_ibge":"4219002","CD_MUN":"4219002","name":"URUSSANGA","uf":"SC","tipologia":"Baixa"},"geometry":{"type":"Point","coordinates":[-49.3238,-28.518]}},{"type":"Feature","id":"4220000","properties":{"codigo_ibge":"4220000","CD_MUN":"4220000","name":"BALNEÁRIO RINCĂO","uf":"SC","tipologia":"Média-Média"},"geometry":{"type":"Point","coordinates":[-49.2352,-28.8314]}},{"type":"Feature","id":"4300638","properties":{"codigo_ibge":"4300638","CD_MUN":"4300638","name":"AMARAL FERRADOR","uf":"RS","tipologia":"Baixa"},"geometry":{"type":"Point","coordinates":[-52.2509,-30.8756]}},{"type":"Feature","id":"4300851","properties":{"codigo_ibge":"4300851","CD_MUN":"4300851","name":"ARAMBARÉ","uf":"RS","tipologia":"Média-Média"},"geometry":{"type":"Point","coordinates":[-51.5046,-30.9092]}},{"type":"Feature","id":"4301057","properties":{"codigo_ibge":"4301057","CD_MUN":"4301057","name":"ARROIO DO SAL","uf":"RS","tipologia":"Média-Alta"},"geometry":{"type":"Point","coordinates":[-49.8895,-29.5439]}},{"type":"Feature","id":"4301073","properties":{"codigo_ibge":"4301073","CD_MUN":"4301073","name":"ARROIO DO PADRE","uf":"RS","tipologia":"Alta-Média"},"geometry":{"type":"Point","coordinates":[-52.4246,-31.4389]}},{"type":"Feature","id":"4301305","properties":{"codigo_ibge":"4301305","CD_MUN":"4301305","name":"ARROIO GRANDE","uf":"RS","tipologia":"Média-Média"},"geometry":{"type":"Point","coordinates":[-53.0862,-32.2327]}},{"type":"Feature","id":"4301636","properties":{"codigo_ibge":"4301636","CD_MUN":"4301636","name":"BALNEÁRIO PINHAL","uf":"RS","tipologia":"Média-Média"},"geometry":{"type":"Point","coordinates":[-50.2337,-30.2419]}},{"type":"Feature","id":"4301750","properties":{"codigo_ibge":"4301750","CD_MUN":"4301750","name":"BARĂO DO TRIUNFO","uf":"RS","tipologia":"Baixa"},"geometry":{"type":"Point","coordinates":[-51.7384,-30.3891]}},{"type":"Feature","id":"4301909","properties":{"codigo_ibge":"4301909","CD_MUN":"4301909","name":"BARRA DO RIBEIRO","uf":"RS","tipologia":"Alta-Média"},"geometry":{"type":"Point","coordinates":[-51.3014,-30.2939]}},{"type":"Feature","id":"4303509","properties":{"codigo_ibge":"4303509","CD_MUN":"4303509","name":"CAMAQUĂ","uf":"RS","tipologia":"Média-Média"},"geometry":{"type":"Point","coordinates":[-51.8043,-30.8489]}},{"type":"Feature","id":"4304507","properties":{"codigo_ibge":"4304507","CD_MUN":"4304507","name":"CANGUÇU","uf":"RS","tipologia":"Média-Média"},"geometry":{"type":"Point","coordinates":[-52.6783,-31.396]}},{"type":"Feature","id":"4304630","properties":{"codigo_ibge":"4304630","CD_MUN":"4304630","name":"CAPĂO DA CANOA","uf":"RS","tipologia":"Média-Média"},"geometry":{"type":"Point","coordinates":[-50.0282,-29.7642]}},{"type":"Feature","id":"4304663","properties":{"codigo_ibge":"4304663","CD_MUN":"4304663","name":"CAPĂO DO LEĂO","uf":"RS","tipologia":"Baixa"},"geometry":{"type":"Point","coordinates":[-52.4889,-31.7565]}},{"type":"Feature","id":"4304671","properties":{"codigo_ibge":"4304671","CD_MUN":"4304671","name":"CAPIVARI DO SUL","uf":"RS","tipologia":"Média-Média"},"geometry":{"type":"Point","coordinates":[-50.5152,-30.1383]}},{"type":"Feature","id":"4304713","properties":{"codigo_ibge":"4304713","CD_MUN":"4304713","name":"CARAÁ","uf":"RS","tipologia":"Média-Baixa"},"geometry":{"type":"Point","coordinates":[-50.4316,-29.7869]}},{"type":"Feature","id":"4305124","properties":{"codigo_ibge":"4305124","CD_MUN":"4305124","name":"CERRITO","uf":"RS","tipologia":"Média-Média"},"geometry":{"type":"Point","coordinates":[-52.8004,-31.8419]}},{"type":"Feature","id":"4305173","properties":{"codigo_ibge":"4305173","CD_MUN":"4305173","name":"CERRO GRANDE DO SUL","uf":"RS","tipologia":"Média-Média"},"geometry":{"type":"Point","coordinates":[-51.7418,-30.5905]}},{"type":"Feature","id":"4305439","properties":{"codigo_ibge":"4305439","CD_MUN":"4305439","name":"CHUÍ","uf":"RS","tipologia":"Média-Alta"},"geometry":{"type":"Point","coordinates":[-53.4594,-33.6866]}},{"type":"Feature","id":"4305447","properties":{"codigo_ibge":"4305447","CD_MUN":"4305447","name":"CHUVISCA","uf":"RS","tipologia":"Baixa"},"geometry":{"type":"Point","coordinates":[-51.9737,-30.7504]}},{"type":"Feature","id":"4305454","properties":{"codigo_ibge":"4305454","CD_MUN":"4305454","name":"CIDREIRA","uf":"RS","tipologia":"Média-Alta"},"geometry":{"type":"Point","coordinates":[-50.2337,-30.1604]}},{"type":"Feature","id":"4306056","properties":{"codigo_ibge":"4306056","CD_MUN":"4306056","name":"CRISTAL","uf":"RS","tipologia":"Média-Alta"},"geometry":{"type":"Point","coordinates":[-52.0436,-31.0046]}},{"type":"Feature","id":"4306502","properties":{"codigo_ibge":"4306502","CD_MUN":"4306502","name":"DOM FELICIANO","uf":"RS","tipologia":"Baixa"},"geometry":{"type":"Point","coordinates":[-52.1026,-30.7004]}},{"type":"Feature","id":"4306551","properties":{"codigo_ibge":"4306551","CD_MUN":"4306551","name":"DOM PEDRO DE ALCÂNTARA","uf":"RS","tipologia":"Baixa"},"geometry":{"type":"Point","coordinates":[-49.853,-29.3639]}},{"type":"Feature","id":"4307104","properties":{"codigo_ibge":"4307104","CD_MUN":"4307104","name":"HERVAL","uf":"RS","tipologia":"Baixa"},"geometry":{"type":"Point","coordinates":[-53.3944,-32.024]}},{"type":"Feature","id":"4310330","properties":{"codigo_ibge":"4310330","CD_MUN":"4310330","name":"IMBÉ","uf":"RS","tipologia":"Média-Alta"},"geometry":{"type":"Point","coordinates":[-50.1281,-29.9753]}},{"type":"Feature","id":"4310652","properties":{"codigo_ibge":"4310652","CD_MUN":"4310652","name":"ITATI","uf":"RS","tipologia":"Média-Alta"},"geometry":{"type":"Point","coordinates":[-50.1016,-29.4974]}},{"type":"Feature","id":"4311007","properties":{"codigo_ibge":"4311007","CD_MUN":"4311007","name":"JAGUARĂO","uf":"RS","tipologia":"Média-Média"},"geometry":{"type":"Point","coordinates":[-53.377,-32.5604]}},{"type":"Feature","id":"4311734","properties":{"codigo_ibge":"4311734","CD_MUN":"4311734","name":"MAMPITUBA","uf":"RS","tipologia":"Média-Alta"},"geometry":{"type":"Point","coordinates":[-49.9311,-29.2136]}},{"type":"Feature","id":"4311775","properties":{"codigo_ibge":"4311775","CD_MUN":"4311775","name":"MAQUINÉ","uf":"RS","tipologia":"Alta-Média"},"geometry":{"type":"Point","coordinates":[-50.2079,-29.6798]}},{"type":"Feature","id":"4311981","properties":{"codigo_ibge":"4311981","CD_MUN":"4311981","name":"MARIANA PIMENTEL","uf":"RS","tipologia":"Média-Média"},"geometry":{"type":"Point","coordinates":[-51.5803,-30.353]}},{"type":"Feature","id":"4312443","properties":{"codigo_ibge":"4312443","CD_MUN":"4312443","name":"MORRINHOS DO SUL","uf":"RS","tipologia":"Média-Média"},"geometry":{"type":"Point","coordinates":[-49.9328,-29.3578]}},{"type":"Feature","id":"4312450","properties":{"codigo_ibge":"4312450","CD_MUN":"4312450","name":"MORRO REDONDO","uf":"RS","tipologia":"Alta-Média"},"geometry":{"type":"Point","coordinates":[-52.6261,-31.5887]}},{"type":"Feature","id":"4312500","properties":{"codigo_ibge":"4312500","CD_MUN":"4312500","name":"MOSTARDAS","uf":"RS","tipologia":"Média-Baixa"},"geometry":{"type":"Point","coordinates":[-50.9167,-31.1054]}},{"type":"Feature","id":"4313508","properties":{"codigo_ibge":"4313508","CD_MUN":"4313508","name":"OSÓRIO","uf":"RS","tipologia":"Média-Média"},"geometry":{"type":"Point","coordinates":[-50.2667,-29.8881]}},{"type":"Feature","id":"4313656","properties":{"codigo_ibge":"4313656","CD_MUN":"4313656","name":"PALMARES DO SUL","uf":"RS","tipologia":"Média-Média"},"geometry":{"type":"Point","coordinates":[-50.5103,-30.2535]}},{"type":"Feature","id":"4314209","properties":{"codigo_ibge":"4314209","CD_MUN":"4314209","name":"PEDRO OSÓRIO","uf":"RS","tipologia":"Baixa"},"geometry":{"type":"Point","coordinates":[-52.8184,-31.8642]}},{"type":"Feature","id":"4314407","properties":{"codigo_ibge":"4314407","CD_MUN":"4314407","name":"PELOTAS","uf":"RS","tipologia":"Média-Média"},"geometry":{"type":"Point","coordinates":[-52.3371,-31.7649]}},{"type":"Feature","id":"4314605","properties":{"codigo_ibge":"4314605","CD_MUN":"4314605","name":"PIRATINI","uf":"RS","tipologia":"Média-Baixa"},"geometry":{"type":"Point","coordinates":[-53.0973,-31.4473]}},{"type":"Feature","id":"4315602","properties":{"codigo_ibge":"4315602","CD_MUN":"4315602","name":"RIO GRANDE","uf":"RS","tipologia":"Média-Média"},"geometry":{"type":"Point","coordinates":[-52.1071,-32.0349]}},{"type":"Feature","id":"4317301","properties":{"codigo_ibge":"4317301","CD_MUN":"4317301","name":"SANTA VITÓRIA DO PALMAR","uf":"RS","tipologia":"Média-Média"},"geometry":{"type":"Point","coordinates":[-53.3717,-33.525]}},{"type":"Feature","id":"4317608","properties":{"codigo_ibge":"4317608","CD_MUN":"4317608","name":"SANTO ANTÔNIO DA PATRULHA","uf":"RS","tipologia":"Baixa"},"geometry":{"type":"Point","coordinates":[-50.5175,-29.8268]}},{"type":"Feature","id":"4318507","properties":{"codigo_ibge":"4318507","CD_MUN":"4318507","name":"SĂO JOSÉ DO NORTE","uf":"RS","tipologia":"Alta-Média"},"geometry":{"type":"Point","coordinates":[-52.0331,-32.0151]}},{"type":"Feature","id":"4318804","properties":{"codigo_ibge":"4318804","CD_MUN":"4318804","name":"SĂO LOURENÇO DO SUL","uf":"RS","tipologia":"Média-Média"},"geometry":{"type":"Point","coordinates":[-51.9715,-31.3564]}},{"type":"Feature","id":"4320354","properties":{"codigo_ibge":"4320354","CD_MUN":"4320354","name":"SENTINELA DO SUL","uf":"RS","tipologia":"Baixa"},"geometry":{"type":"Point","coordinates":[-51.5862,-30.6107]}},{"type":"Feature","id":"4320552","properties":{"codigo_ibge":"4320552","CD_MUN":"4320552","name":"SERTĂO SANTANA","uf":"RS","tipologia":"Baixa"},"geometry":{"type":"Point","coordinates":[-51.6017,-30.4562]}},{"type":"Feature","id":"4321105","properties":{"codigo_ibge":"4321105","CD_MUN":"4321105","name":"TAPES","uf":"RS","tipologia":"Média-Média"},"geometry":{"type":"Point","coordinates":[-51.3991,-30.6683]}},{"type":"Feature","id":"4321352","properties":{"codigo_ibge":"4321352","CD_MUN":"4321352","name":"TAVARES","uf":"RS","tipologia":"Média-Média"},"geometry":{"type":"Point","coordinates":[-51.088,-31.2843]}},{"type":"Feature","id":"4321436","properties":{"codigo_ibge":"4321436","CD_MUN":"4321436","name":"TERRA DE AREIA","uf":"RS","tipologia":"Média-Média"},"geometry":{"type":"Point","coordinates":[-50.0644,-29.5782]}},{"type":"Feature","id":"4321501","properties":{"codigo_ibge":"4321501","CD_MUN":"4321501","name":"TORRES","uf":"RS","tipologia":"Média-Alta"},"geometry":{"type":"Point","coordinates":[-49.7333,-29.3334]}},{"type":"Feature","id":"4321600","properties":{"codigo_ibge":"4321600","CD_MUN":"4321600","name":"TRAMANDAÍ","uf":"RS","tipologia":"Média-Alta"},"geometry":{"type":"Point","coordinates":[-50.1322,-29.9841]}},{"type":"Feature","id":"4321667","properties":{"codigo_ibge":"4321667","CD_MUN":"4321667","name":"TRĘS CACHOEIRAS","uf":"RS","tipologia":"Média-Média"},"geometry":{"type":"Point","coordinates":[-49.9275,-29.4487]}},{"type":"Feature","id":"4321832","properties":{"codigo_ibge":"4321832","CD_MUN":"4321832","name":"TRĘS FORQUILHAS","uf":"RS","tipologia":"Média-Baixa"},"geometry":{"type":"Point","coordinates":[-50.0708,-29.5384]}},{"type":"Feature","id":"4322327","properties":{"codigo_ibge":"4322327","CD_MUN":"4322327","name":"TURUÇU","uf":"RS","tipologia":"Média-Média"},"geometry":{"type":"Point","coordinates":[-52.1706,-31.4173]}},{"type":"Feature","id":"4323002","properties":{"codigo_ibge":"4323002","CD_MUN":"4323002","name":"VIAMĂO","uf":"RS","tipologia":"Média-Média"},"geometry":{"type":"Point","coordinates":[-51.0194,-30.0819]}},{"type":"Feature","id":"4323804","properties":{"codigo_ibge":"4323804","CD_MUN":"4323804","name":"XANGRI-LÁ","uf":"RS","tipologia":"Baixa"},"geometry":{"type":"Point","coordinates":[-50.0519,-29.8065]}}]}